source,source_key,source_name,source_team,source_pos,slot,espn_id,espn_name,espn_pos,match_type,score
4for4_idp,dl:A'Shawn Robinson|TB,A'Shawn Robinson,TB,DT,DL,3054857,A'Shawn Robinson,DT,"exact name, slot agrees",1.000
4for4_idp,dl:A.J. Epenesa|PHI,A.J. Epenesa,PHI,DE,DL,4240585,AJ Epenesa,DE,"exact name, slot agrees",1.000
4for4_idp,db:A.J. Haulcy|IND,A.J. Haulcy,IND,S,DB,4905664,A.J. Haulcy,S,"exact name, slot agrees",1.000
4for4_idp,db:AJ Terrell|ATL,AJ Terrell,ATL,CB,DB,4239995,A.J. Terrell Jr.,CB,"exact name, slot agrees",1.000
4for4_idp,dl:Aaron Donald|LAR,Aaron Donald,LAR,DT,DL,16716,,,hand_reviewed,
4for4_idp,dl:Abdul Carter|NYG,Abdul Carter,NYG,DE,DL,4725996,Abdul Carter,DE,"exact name, slot agrees",1.000
4for4_idp,dl:Adam Butler|LV,Adam Butler,LV,DT,DL,2972342,Adam Butler,DT,"exact name, slot agrees",1.000
4for4_idp,dl:Adetomiwa Adebawore|IND,Adetomiwa Adebawore,IND,DT,DL,4427635,Adetomiwa Adebawore,DT,"exact name, slot agrees",1.000
4for4_idp,dl:Adin Huntington|CLE,Adin Huntington,CLE,DT,DL,4605792,Adin Huntington,DT,"exact name, slot agrees",1.000
4for4_idp,dl:Aeneas Peebles|BAL,Aeneas Peebles,BAL,DE,DL,4565311,Aeneas Peebles,DT,"exact name, slot agrees",1.000
4for4_idp,db:Ahkello Witherspoon|WAS,Ahkello Witherspoon,WAS,CB,DB,3122630,Ahkello Witherspoon,CB,"exact name, slot agrees",1.000
4for4_idp,dl:Aidan Hutchinson|DET,Aidan Hutchinson,DET,DE,DL,4372099,Aidan Hutchinson,DE,"exact name, slot agrees",1.000
4for4_idp,db:Akayleb Evans|CAR,Akayleb Evans,CAR,CB,DB,4244607,Akayleb Evans,CB,"exact name, slot agrees",1.000
4for4_idp,lb:Akeem Davis-Gaither|IND,Akeem Davis-Gaither,IND,LB,LB,3917142,Akeem Davis-Gaither,LB,"exact name, slot agrees",1.000
4for4_idp,dl:Akeem Mesidor|LAC,Akeem Mesidor,LAC,DE,DL,4429190,Akheem Mesidor,DE,"fuzzy name, slot agrees",0.963
4for4_idp,dl:Al-Quadin Muhammad|TB,Al-Quadin Muhammad,TB,DE,DL,3051942,Al-Quadin Muhammad,DE,"exact name, slot agrees",1.000
4for4_idp,dl:Albert Regis|JAX,Albert Regis,JAX,DT,DL,4612298,Albert Regis,DT,"exact name, slot agrees",1.000
4for4_idp,lb:Alex Anzalone|TB,Alex Anzalone,TB,LB,LB,3043107,Alex Anzalone,LB,"exact name, slot agrees",1.000
4for4_idp,db:Alex Austin|MIA,Alex Austin,MIA,CB,DB,4426599,Alex Austin,CB,"exact name, slot agrees",1.000
4for4_idp,dl:Alex Highsmith|PIT,Alex Highsmith,PIT,DE,DL,4037333,Alex Highsmith,DE,"exact name, slot agrees",1.000
4for4_idp,lb:Alex Singleton|DEN,Alex Singleton,DEN,LB,LB,2612151,Alex Singleton,LB,"exact name, slot agrees",1.000
4for4_idp,dl:Alex Wright|CLE,Alex Wright,CLE,DE,DL,4570119,Alex Wright,DE,"exact name, slot agrees",1.000
4for4_idp,dl:Alfred Collins|SF,Alfred Collins,SF,DT,DL,4430835,Alfred Collins,DT,"exact name, slot agrees",1.000
4for4_idp,db:Alijah Clark|DAL,Alijah Clark,DAL,S,DB,4595352,Alijah Clark,S,"exact name, slot agrees",1.000
4for4_idp,db:Alijah Huzzie|HOU,Alijah Huzzie,HOU,CB,DB,4577494,Alijah Huzzie,CB,"exact name, slot agrees",1.000
4for4_idp,dl:Alim McNeill|DET,Alim McNeill,DET,DT,DL,4361662,Alim McNeill,DT,"exact name, slot agrees",1.000
4for4_idp,db:Alohi Gilman|KC,Alohi Gilman,KC,S,DB,4039413,Alohi Gilman,S,"exact name, slot agrees",1.000
4for4_idp,db:Alontae Taylor|TEN,Alontae Taylor,TEN,CB,DB,4369835,Alontae Taylor,CB,"exact name, slot agrees",1.000
4for4_idp,db:Amani Hooker|TEN,Amani Hooker,TEN,S,DB,4036134,Amani Hooker,S,"exact name, slot agrees",1.000
4for4_idp,db:Amik Robertson|WAS,Amik Robertson,WAS,CB,DB,4239694,Amik Robertson,CB,"exact name, slot agrees",1.000
4for4_idp,db:Andre Cisco|NYJ,Andre Cisco,NYJ,S,DB,4361939,Andre Cisco,S,"exact name, slot agrees",1.000
4for4_idp,dl:Andre Jones|BUF,Andre Jones,BUF,DE,DL,4249214,Andre Jones Jr.,DE,"exact name, slot agrees",1.000
4for4_idp,dl:Andrew Billings|ARI,Andrew Billings,ARI,DT,DL,3051775,Andrew Billings,DT,"exact name, slot agrees",1.000
4for4_idp,db:Andrew Mukuba|PHI,Andrew Mukuba,PHI,S,DB,4602197,Andrew Mukuba,S,"exact name, slot agrees",1.000
4for4_idp,dl:Andrew Van Ginkel|MIN,Andrew Van Ginkel,MIN,DE,DL,3133487,Andrew Van Ginkel,DE,"exact name, slot agrees",1.000
4for4_idp,db:Andrew Wingard|ARI,Andrew Wingard,ARI,S,DB,3918331,Andrew Wingard,S,"exact name, slot agrees",1.000
4for4_idp,db:Andru Phillips|NYG,Andru Phillips,NYG,CB,DB,4431321,Dru Phillips,CB,hand_reviewed,
4for4_idp,dl:Anfernee Jennings|NO,Anfernee Jennings,NO,DE,DL,3925350,Anfernee Jennings,DE,"exact name, slot agrees",1.000
4for4_idp,dl:Anthony Goodlow|PIT,Anthony Goodlow,PIT,DE,DL,4372378,Anthony Goodlow,DE,"exact name, slot agrees",1.000
4for4_idp,lb:Anthony Hill Jr|TEN,Anthony Hill Jr,TEN,LB,LB,4870805,Anthony Hill Jr.,LB,"exact name, slot agrees",1.000
4for4_idp,dl:Anthony Nelson|TB,Anthony Nelson,TB,DE,DL,3894856,Anthony Nelson,DE,"exact name, slot agrees",1.000
4for4_idp,db:Antoine Winfield Jr.|TB,Antoine Winfield Jr.,TB,S,DB,4034790,Antoine Winfield Jr.,S,"exact name, slot agrees",1.000
4for4_idp,db:Antonio Johnson|JAX,Antonio Johnson,JAX,S,DB,4429168,Antonio Johnson,S,"exact name, slot agrees",1.000
4for4_idp,db:Ar'Darius Washington|NYG,Ar'Darius Washington,NYG,S,DB,4362492,Ar'Darius Washington,S,"exact name, slot agrees",1.000
4for4_idp,dl:Arden Key|IND,Arden Key,IND,DE,DL,3843843,Arden Key,DE,"exact name, slot agrees",1.000
4for4_idp,dl:Arik Armstead|JAX,Arik Armstead,JAX,DT,DL,2971275,Arik Armstead,DT,"exact name, slot agrees",1.000
4for4_idp,dl:Arnold Ebiketie|PHI,Arnold Ebiketie,PHI,DE,DL,4257591,Arnold Ebiketie,DE,"exact name, slot agrees",1.000
4for4_idp,dl:Arron Mosby|GB,Arron Mosby,GB,DE,DL,4242996,Arron Mosby,DE,"exact name, slot agrees",1.000
4for4_idp,lb:Arvell Reese|NYG,Arvell Reese,NYG,LB,LB,4950400,Arvell Reese,LB,"exact name, slot agrees",1.000
4for4_idp,db:Asante Samuel Jr.|PIT,Asante Samuel Jr.,PIT,CB,DB,4363034,Asante Samuel Jr.,CB,"exact name, slot agrees",1.000
4for4_idp,dl:Ashton Gillotte|KC,Ashton Gillotte,KC,DE,DL,4684432,Ashton Gillotte,DE,"exact name, slot agrees",1.000
4for4_idp,db:Ashtyn Davis|SF,Ashtyn Davis,SF,S,DB,3858271,Ashtyn Davis,S,"exact name, slot agrees",1.000
4for4_idp,lb:Austin Ajiake|IND,Austin Ajiake,IND,LB,LB,4374171,Austin Ajiake,LB,"exact name, slot agrees",1.000
4for4_idp,dl:Austin Booker|CHI,Austin Booker,CHI,DE,DL,4683553,Austin Booker,DE,"exact name, slot agrees",1.000
4for4_idp,db:Avieon Terrell|ATL,Avieon Terrell,ATL,CB,DB,4870988,Avieon Terrell,CB,"exact name, slot agrees",1.000
4for4_idp,db:Avonte Maddox|DET,Avonte Maddox,DET,S,DB,3123938,Avonte Maddox,S,"exact name, slot agrees",1.000
4for4_idp,db:Azareye'h Thomas|NYJ,Azareye'h Thomas,NYJ,CB,DB,4685596,Azareye'h Thomas,CB,"exact name, slot agrees",1.000
4for4_idp,lb:Azeez Al-Shaair|HOU,Azeez Al-Shaair,HOU,LB,LB,3919117,Azeez Al-Shaair,LB,"exact name, slot agrees",1.000
4for4_idp,dl:Azeez Ojulari|ATL,Azeez Ojulari,ATL,DE,DL,4379409,Azeez Ojulari,DE,"exact name, slot agrees",1.000
4for4_idp,dl:B.J. Green|JAX,B.J. Green,JAX,DE,DL,4875266,B.J. Green II,DE,"exact name, slot agrees",1.000
4for4_idp,dl:B.J. Hill|CIN,B.J. Hill,CIN,DT,DL,3116748,B.J. Hill,DT,"exact name, slot agrees",1.000
4for4_idp,dl:BJ Ojulari|ARI,BJ Ojulari,ARI,DE,DL,4429111,BJ Ojulari,DE,"exact name, slot agrees",1.000
4for4_idp,lb:Bam Martin-Scott|CAR,Bam Martin-Scott,CAR,LB,LB,4880613,Bam Martin-Scott,LB,"exact name, slot agrees",1.000
4for4_idp,dl:Baron Browning|ARI,Baron Browning,ARI,DE,DL,4241987,Baron Browning,DE,"exact name, slot agrees",1.000
4for4_idp,lb:Barrett Carter|CIN,Barrett Carter,CIN,LB,LB,4431519,Barrett Carter,LB,"exact name, slot agrees",1.000
4for4_idp,dl:Barryn Sorrell|GB,Barryn Sorrell,GB,DE,DL,4683643,Barryn Sorrell,DE,"exact name, slot agrees",1.000
4for4_idp,db:Benjamin Morrison|TB,Benjamin Morrison,TB,CB,DB,4816107,Benjamin Morrison,CB,"exact name, slot agrees",1.000
4for4_idp,db:Benjamin St-Juste|GB,Benjamin St-Juste,GB,CB,DB,4258206,Benjamin St-Juste,CB,"exact name, slot agrees",1.000
4for4_idp,db:Billy Bowman|ATL,Billy Bowman,ATL,CB,DB,4431194,Billy Bowman Jr.,CB,"exact name, slot agrees",1.000
4for4_idp,lb:Blake Cashman|MIN,Blake Cashman,MIN,LB,LB,3728281,Blake Cashman,LB,"exact name, slot agrees",1.000
4for4_idp,dl:Bo Richter|MIN,Bo Richter,MIN,DE,DL,4875564,Bo Richter,DE,"exact name, slot agrees",1.000
4for4_idp,dl:Bobby Brown|CAR,Bobby Brown,CAR,DT,DL,4372518,Bobby Brown III,DT,"exact name, slot agrees",1.000
4for4_idp,dl:Boye Mafe|CIN,Boye Mafe,CIN,DE,DL,4240754,Boye Mafe,DE,"exact name, slot agrees",1.000
4for4_idp,dl:Braden Fiske|LAR,Braden Fiske,LAR,DT,DL,4362245,Braden Fiske,DT,"exact name, slot agrees",1.000
4for4_idp,dl:Bradley Chubb|BUF,Bradley Chubb,BUF,DE,DL,3116733,Bradley Chubb,DE,"exact name, slot agrees",1.000
4for4_idp,dl:Braiden McGregor|NYJ,Braiden McGregor,NYJ,DE,DL,4429005,Braiden McGregor,DE,"exact name, slot agrees",1.000
4for4_idp,dl:Bralen Trice|ATL,Bralen Trice,ATL,DE,DL,4428713,Bralen Trice,DE,"exact name, slot agrees",1.000
4for4_idp,db:Bralyn Lux|CIN,Bralyn Lux,CIN,CB,DB,4575559,Bralyn Lux,CB,"exact name, slot agrees",1.000
4for4_idp,db:Brandin Echols|PIT,Brandin Echols,PIT,CB,DB,4567979,Brandin Echols,CB,"exact name, slot agrees",1.000
4for4_idp,db:Brandon Cisse|GB,Brandon Cisse,GB,CB,DB,5076652,Brandon Cisse,CB,"exact name, slot agrees",1.000
4for4_idp,dl:Brandon Cleveland|LV,Brandon Cleveland,LV,DT,DL,4685305,Brandon Cleveland,DT,"exact name, slot agrees",1.000
4for4_idp,dl:Brandon Dorlus|ATL,Brandon Dorlus,ATL,DT,DL,4427090,Brandon Dorlus,DT,"exact name, slot agrees",1.000
4for4_idp,db:Brandon Jones|DEN,Brandon Jones,DEN,S,DB,4039059,Brandon Jones,S,"exact name, slot agrees",1.000
4for4_idp,dl:Brandon Pili|SEA,Brandon Pili,SEA,DT,DL,4259651,Brandon Pili,DT,"exact name, slot agrees",1.000
4for4_idp,db:Brandon Stephens|NYJ,Brandon Stephens,NYJ,CB,DB,4035824,Brandon Stephens,CB,"exact name, slot agrees",1.000
4for4_idp,lb:Branson Combs|JAX,Branson Combs,JAX,LB,LB,4572704,Branson Combs,LB,"exact name, slot agrees",1.000
4for4_idp,db:Brenden Schooler|NE,Brenden Schooler,NE,S,DB,4047941,Brenden Schooler,S,"exact name, slot agrees",1.000
4for4_idp,dl:Brenton Cox|GB,Brenton Cox,GB,DE,DL,4361776,Brenton Cox Jr.,DE,"exact name, slot agrees",1.000
4for4_idp,db:Brian Branch|DET,Brian Branch,DET,S,DB,4692025,Brian Branch,S,"exact name, slot agrees",1.000
4for4_idp,dl:Brian Burns|NYG,Brian Burns,NYG,DE,DL,4035631,Brian Burns,DE,"exact name, slot agrees",1.000
4for4_idp,dl:Broderick Washington Jr.|BAL,Broderick Washington Jr.,BAL,DT,DL,3915837,Broderick Washington Jr.,DT,"exact name, slot agrees",1.000
4for4_idp,dl:Bryan Bresee|NO,Bryan Bresee,NO,DT,DL,4428988,Bryan Bresee,DT,"exact name, slot agrees",1.000
4for4_idp,db:Bryan Cook|CIN,Bryan Cook,CIN,S,DB,4247726,Bryan Cook,S,"exact name, slot agrees",1.000
4for4_idp,lb:Bryce Boettcher|IND,Bryce Boettcher,IND,LB,LB,5088571,Bryce Boettcher,LB,"exact name, slot agrees",1.000
4for4_idp,db:Bud Clark|SEA,Bud Clark,SEA,S,DB,4430262,Bud Clark,S,"exact name, slot agrees",1.000
4for4_idp,dl:Bud Dupree|LAC,Bud Dupree,LAC,DE,DL,2576702,Bud Dupree,DE,"exact name, slot agrees",1.000
4for4_idp,db:Budda Baker|ARI,Budda Baker,ARI,S,DB,3127287,Budda Baker,S,"exact name, slot agrees",1.000
4for4_idp,dl:Byron Murphy II|SEA,Byron Murphy II,SEA,DT,DL,4570040,Byron Murphy II,DT,hand_reviewed,
4for4_idp,db:Byron Murphy Jr.|MIN,Byron Murphy Jr.,MIN,CB,DB,4038999,Byron Murphy Jr.,CB,hand_reviewed,
4for4_idp,dl:Byron Young|LAR,Byron Young,LAR,DE,DL,4875196,Byron Young,DE,hand_reviewed,
4for4_idp,db:C.J. Gardner-Johnson|BUF,C.J. Gardner-Johnson,BUF,S,DB,4034953,C.J. Gardner-Johnson,S,"exact name, slot agrees",1.000
4for4_idp,db:C.J. Henderson|ATL,C.J. Henderson,ATL,CB,DB,4240596,C.J. Henderson,CB,"exact name, slot agrees",1.000
4for4_idp,dl:C.J. Ravenell|NYG,C.J. Ravenell,NYG,DT,DL,4700676,C.J. Ravenell,DT,"exact name, slot agrees",1.000
4for4_idp,lb:CJ Allen|IND,CJ Allen,IND,LB,LB,4870598,CJ Allen,LB,"exact name, slot agrees",1.000
4for4_idp,dl:CJ Okoye|BAL,CJ Okoye,BAL,DT,DL,5144942,CJ Okoye,DT,"exact name, slot agrees",1.000
4for4_idp,dl:CJ West|SF,CJ West,SF,DT,DL,4686308,C.J. West,DT,"exact name, slot agrees",1.000
4for4_idp,db:Caelen Carson|DAL,Caelen Carson,DAL,CB,DB,4431006,Caelen Carson,CB,"exact name, slot agrees",1.000
4for4_idp,dl:Calais Campbell|BAL,Calais Campbell,BAL,DT,DL,11284,Calais Campbell,DT,"exact name, slot agrees",1.000
4for4_idp,dl:Caleb Banks|MIN,Caleb Banks,MIN,DT,DL,4602019,Caleb Banks,DT,"exact name, slot agrees",1.000
4for4_idp,db:Caleb Downs|DAL,Caleb Downs,DAL,S,DB,4870706,Caleb Downs,S,"exact name, slot agrees",1.000
4for4_idp,dl:Caleb Murphy|NYG,Caleb Murphy,NYG,DE,DL,4911489,Caleb Murphy,DE,"exact name, slot agrees",1.000
4for4_idp,db:Caleb Ransaw|JAX,Caleb Ransaw,JAX,S,DB,4683347,Caleb Ransaw,S,"exact name, slot agrees",1.000
4for4_idp,db:Calen Bullock|HOU,Calen Bullock,HOU,S,DB,4431517,Calen Bullock,S,"exact name, slot agrees",1.000
4for4_idp,dl:Calijah Kancey|TB,Calijah Kancey,TB,DT,DL,4427673,Calijah Kancey,DT,"exact name, slot agrees",1.000
4for4_idp,db:Cam Hart|LAC,Cam Hart,LAC,CB,DB,4427404,Cam Hart,CB,"exact name, slot agrees",1.000
4for4_idp,dl:Cam Jackson|CAR,Cam Jackson,CAR,DT,DL,4687513,Cam Jackson,DT,"exact name, slot agrees",1.000
4for4_idp,db:Cam Lampkin|LAR,Cam Lampkin,LAR,CB,DB,4427752,,,hand_reviewed,
4for4_idp,db:Cam Taylor-Britt|IND,Cam Taylor-Britt,IND,CB,DB,4361196,Cam Taylor-Britt,CB,"exact name, slot agrees",1.000
4for4_idp,db:Cam'Ron Silmon-Craig|JAX,Cam'Ron Silmon-Craig,JAX,S,DB,4877475,Cam'Ron Silmon-Craig,S,"exact name, slot agrees",1.000
4for4_idp,dl:Cameron Goode|MIA,Cameron Goode,MIA,DE,DL,4035857,Cameron Goode,DE,"exact name, slot agrees",1.000
4for4_idp,dl:Cameron Heyward|PIT,Cameron Heyward,PIT,DT,DL,13977,Cameron Heyward,DT,"exact name, slot agrees",1.000
4for4_idp,dl:Cameron Jordan|NO,Cameron Jordan,NO,DE,DL,13971,Cameron Jordan,DE,"exact name, slot agrees",1.000
4for4_idp,db:Cameron Lewis|CHI,Cameron Lewis,CHI,S,DB,3916577,Cam Lewis,S,hand_reviewed,
4for4_idp,db:Cameron Mitchell|IND,Cameron Mitchell,IND,CB,DB,4569607,Cameron Mitchell,CB,"exact name, slot agrees",1.000
4for4_idp,dl:Cameron Sample|SF,Cameron Sample,SF,DE,DL,4243923,Cameron Sample,DE,"exact name, slot agrees",1.000
4for4_idp,dl:Cameron Thomas|ATL,Cameron Thomas,ATL,DE,DL,4361510,Cameron Thomas,DE,"exact name, slot agrees",1.000
4for4_idp,db:Camryn Bynum|IND,Camryn Bynum,IND,S,DB,4035861,Cam Bynum,S,hand_reviewed,
4for4_idp,dl:Carl Granderson|NO,Carl Granderson,NO,DE,DL,3918310,Carl Granderson,DE,"exact name, slot agrees",1.000
4for4_idp,db:Carlton Davis|NE,Carlton Davis,NE,CB,DB,3916923,Carlton Davis III,CB,"exact name, slot agrees",1.000
4for4_idp,db:Carrington Valentine|GB,Carrington Valentine,GB,CB,DB,4430965,Carrington Valentine,CB,"exact name, slot agrees",1.000
4for4_idp,lb:Carson Schwesinger|CLE,Carson Schwesinger,CLE,LB,LB,4876017,Carson Schwesinger,LB,"exact name, slot agrees",1.000
4for4_idp,dl:Cashius Howell|CIN,Cashius Howell,CIN,DE,DL,4710752,Cashius Howell,DE,"exact name, slot agrees",1.000
4for4_idp,lb:Cedric Gray|TEN,Cedric Gray,TEN,LB,LB,4429834,Cedric Gray,LB,"exact name, slot agrees",1.000
4for4_idp,dl:Cedric Johnson|CIN,Cedric Johnson,CIN,DE,DL,4430065,Cedric Johnson,DE,"exact name, slot agrees",1.000
4for4_idp,lb:Chad Muma|NE,Chad Muma,NE,LB,LB,4361707,Chad Muma,LB,"exact name, slot agrees",1.000
4for4_idp,db:Chamarri Conner|KC,Chamarri Conner,KC,S,DB,4361964,Chamarri Conner,S,"exact name, slot agrees",1.000
4for4_idp,db:Chandler Rivers|BAL,Chandler Rivers,BAL,CB,DB,4702918,Chandler Rivers,CB,"exact name, slot agrees",1.000
4for4_idp,db:Charles Demmings|MIN,Charles Demmings,MIN,CB,DB,5091793,Charles Demmings,CB,"exact name, slot agrees",1.000
4for4_idp,dl:Charles Omenihu|WAS,Charles Omenihu,WAS,DT,DL,3929865,Charles Omenihu,DT,"exact name, slot agrees",1.000
4for4_idp,dl:Charles Snowden|DAL,Charles Snowden,DAL,DE,DL,4240849,Charles Snowden,DE,"exact name, slot agrees",1.000
4for4_idp,db:Charles Woods|NE,Charles Woods,NE,CB,DB,4368113,Charles Woods,CB,"exact name, slot agrees",1.000
4for4_idp,db:Charvarius Ward|IND,Charvarius Ward,IND,CB,DB,4037361,Charvarius Ward,CB,"exact name, slot agrees",1.000
4for4_idp,db:Chase Lucas|TB,Chase Lucas,TB,CB,DB,4047846,Chase Lucas,CB,"exact name, slot agrees",1.000
4for4_idp,dl:Chase Young|NO,Chase Young,NO,DE,DL,4241986,Chase Young,DE,"exact name, slot agrees",1.000
4for4_idp,db:Chau Smith-Wade|CAR,Chau Smith-Wade,CAR,CB,DB,4697636,Chau Smith-Wade,CB,"exact name, slot agrees",1.000
4for4_idp,dl:Chauncey Golston|NYG,Chauncey Golston,NYG,DE,DL,4036132,Chauncey Golston,DE,"exact name, slot agrees",1.000
4for4_idp,dl:Chaz Chambliss|MIN,Chaz Chambliss,MIN,DE,DL,4431520,Chaz Chambliss,DE,"exact name, slot agrees",1.000
4for4_idp,db:Chidobe Awuzie|BAL,Chidobe Awuzie,BAL,CB,DB,3052101,Chidobe Awuzie,CB,"exact name, slot agrees",1.000
4for4_idp,dl:Chop Robinson|MIA,Chop Robinson,MIA,DE,DL,4431586,Chop Robinson,DE,"exact name, slot agrees",1.000
4for4_idp,dl:Chris Braswell|TB,Chris Braswell,TB,DE,DL,4428989,Chris Braswell,DE,"exact name, slot agrees",1.000
4for4_idp,db:Chris Johnson|MIA,Chris Johnson,MIA,CB,DB,4869579,Chris Johnson,CB,"exact name, slot agrees",1.000
4for4_idp,dl:Chris Jones|KC,Chris Jones,KC,DT,DL,3044859,Chris Jones,DT,hand_reviewed,
4for4_idp,dl:Chris McClellan|GB,Chris McClellan,GB,DT,DL,4820574,Chris McClellan,DT,"exact name, slot agrees",1.000
4for4_idp,db:Chris Roland-Wallace|KC,Chris Roland-Wallace,KC,S,DB,4428383,Chris Roland-Wallace,S,"exact name, slot agrees",1.000
4for4_idp,dl:Chris Rumph|NO,Chris Rumph,NO,DE,DL,4240475,Chris Rumph II,DE,"exact name, slot agrees",1.000
4for4_idp,dl:Chris Williams|ATL,Chris Williams,ATL,DE,DL,4034530,Chris Williams,DT,"exact name, slot agrees",1.000
4for4_idp,dl:Christen Miller|NO,Christen Miller,NO,DT,DL,4685479,Christen Miller,DT,"exact name, slot agrees",1.000
4for4_idp,dl:Christian Barmore|NE,Christian Barmore,NE,DT,DL,4372030,Christian Barmore,DT,"exact name, slot agrees",1.000
4for4_idp,db:Christian Benford|BUF,Christian Benford,BUF,CB,DB,4379778,Christian Benford,CB,"exact name, slot agrees",1.000
4for4_idp,db:Christian Braswell|JAX,Christian Braswell,JAX,CB,DB,4257580,Christian Braswell,CB,"exact name, slot agrees",1.000
4for4_idp,lb:Christian Elliss|NE,Christian Elliss,NE,LB,LB,4245273,Christian Elliss,LB,"exact name, slot agrees",1.000
4for4_idp,db:Christian Gonzalez|NE,Christian Gonzalez,NE,CB,DB,4686772,Christian Gonzalez,CB,"exact name, slot agrees",1.000
4for4_idp,lb:Christian Harris|ATL,Christian Harris,ATL,LB,LB,4567099,Christian Harris,LB,"exact name, slot agrees",1.000
4for4_idp,db:Christian Izien|DET,Christian Izien,DET,S,DB,4372459,Christian Izien,S,"exact name, slot agrees",1.000
4for4_idp,lb:Christian Rozeboom|TB,Christian Rozeboom,TB,LB,LB,3909013,Christian Rozeboom,LB,"exact name, slot agrees",1.000
4for4_idp,db:Chuck Clark|DET,Chuck Clark,DET,S,DB,3045463,Chuck Clark,S,"exact name, slot agrees",1.000
4for4_idp,db:Clark Phillips III|ATL,Clark Phillips III,ATL,CB,DB,4429067,Clark Phillips III,CB,"exact name, slot agrees",1.000
4for4_idp,lb:Claudin Cherelus|CAR,Claudin Cherelus,CAR,LB,LB,4256224,Claudin Cherelus,LB,"exact name, slot agrees",1.000
4for4_idp,dl:Clelin Ferrell|MIA,Clelin Ferrell,MIA,DE,DL,3728258,Clelin Ferrell,DE,"exact name, slot agrees",1.000
4for4_idp,db:Cobee Bryant|ATL,Cobee Bryant,ATL,CB,DB,4429324,Cobee Bryant,CB,"exact name, slot agrees",1.000
4for4_idp,db:Cobie Durant|DAL,Cobie Durant,DAL,CB,DB,4384549,Cobie Durant,CB,"exact name, slot agrees",1.000
4for4_idp,db:Coby Bryant|CHI,Coby Bryant,CHI,S,DB,4239094,Coby Bryant,S,"exact name, slot agrees",1.000
4for4_idp,lb:Cody Barton|TEN,Cody Barton,TEN,LB,LB,3926229,Cody Barton,LB,"exact name, slot agrees",1.000
4for4_idp,lb:Cody Lindenberg|LV,Cody Lindenberg,LV,LB,LB,4685126,Cody Lindenberg,LB,"exact name, slot agrees",1.000
4for4_idp,lb:Cody Simon|ARI,Cody Simon,ARI,LB,LB,4429071,Cody Simon,LB,"exact name, slot agrees",1.000
4for4_idp,dl:Colby Wooden|IND,Colby Wooden,IND,DT,DL,4567224,Colby Wooden,DT,"exact name, slot agrees",1.000
4for4_idp,db:Cole Bishop|BUF,Cole Bishop,BUF,S,DB,4676004,Cole Bishop,S,"exact name, slot agrees",1.000
4for4_idp,lb:Cole Holcomb|PIT,Cole Holcomb,PIT,LB,LB,3116689,Cole Holcomb,LB,"exact name, slot agrees",1.000
4for4_idp,db:Cole Wisniewski|PHI,Cole Wisniewski,PHI,S,DB,4693345,Cole Wisniewski,S,"exact name, slot agrees",1.000
4for4_idp,db:Colton Hood|NYG,Colton Hood,NYG,CB,DB,4921249,Colton Hood,CB,"exact name, slot agrees",1.000
4for4_idp,dl:Connor O'Toole|SEA,Connor O'Toole,SEA,DE,DL,4605491,Connor O'Toole,DE,"exact name, slot agrees",1.000
4for4_idp,db:Cooper DeJean|PHI,Cooper DeJean,PHI,CB,DB,4682618,Cooper DeJean,CB,"exact name, slot agrees",1.000
4for4_idp,lb:Cooper McDonald|KC,Cooper McDonald,KC,LB,LB,4567826,Cooper McDonald,LB,"exact name, slot agrees",1.000
4for4_idp,db:Cordale Flott|TEN,Cordale Flott,TEN,CB,DB,4429607,Cor'Dale Flott,CB,"exact name, slot agrees",1.000
4for4_idp,db:Corey Thornton|CAR,Corey Thornton,CAR,CB,DB,4431426,Corey Thornton,CB,"exact name, slot agrees",1.000
4for4_idp,dl:Cory Durden|NE,Cory Durden,NE,DT,DL,4240042,Cory Durden,DT,"exact name, slot agrees",1.000
4for4_idp,db:Craig Woodson|NE,Craig Woodson,NE,S,DB,4428930,Craig Woodson,S,"exact name, slot agrees",1.000
4for4_idp,db:D Angelo Ponds|NYJ,D Angelo Ponds,NYJ,CB,DB,5118340,D'Angelo Ponds,CB,"fuzzy name, slot agrees",0.963
4for4_idp,db:D'Angelo Ross|CLE,D'Angelo Ross,CLE,CB,DB,3139389,D'Angelo Ross,CB,"exact name, slot agrees",1.000
4for4_idp,db:D'Anthony Bell|SEA,D'Anthony Bell,SEA,S,DB,4608386,D'Anthony Bell,S,"exact name, slot agrees",1.000
4for4_idp,lb:D'Marco Jackson|CHI,D'Marco Jackson,CHI,LB,LB,4241007,D'Marco Jackson,LB,"exact name, slot agrees",1.000
4for4_idp,dl:D.J. Davidson|WAS,D.J. Davidson,WAS,DT,DL,4242899,DJ Davidson,DT,"exact name, slot agrees",1.000
4for4_idp,dl:D.J. Jones|DEN,D.J. Jones,DEN,DT,DL,3894915,D.J. Jones,DT,"exact name, slot agrees",1.000
4for4_idp,dl:D.J. Reader|NYG,D.J. Reader,NYG,DT,DL,2977670,DJ Reader,DT,"exact name, slot agrees",1.000
4for4_idp,db:D.J. Reed|DET,D.J. Reed,DET,CB,DB,3139387,D.J. Reed,CB,"exact name, slot agrees",1.000
4for4_idp,dl:D.J. Wonnum|DET,D.J. Wonnum,DET,DE,DL,4038849,DJ Wonnum,DE,"exact name, slot agrees",1.000
4for4_idp,db:DJ Ivey|CIN,DJ Ivey,CIN,CB,DB,4362502,DJ Ivey,CB,"exact name, slot agrees",1.000
4for4_idp,dl:DJ Johnson|WAS,DJ Johnson,WAS,DE,DL,4240623,DJ Johnson,DE,"exact name, slot agrees",1.000
4for4_idp,db:DJ Turner|CIN,DJ Turner,CIN,CB,DB,4572036,DJ Turner II,CB,hand_reviewed,
4for4_idp,dl:Da'Shawn Hand|ATL,Da'Shawn Hand,ATL,DE,DL,3126352,Da'Shawn Hand,DT,"exact name, slot agrees",1.000
4for4_idp,db:DaRon Bland|DAL,DaRon Bland,DAL,CB,DB,4248911,DaRon Bland,CB,"exact name, slot agrees",1.000
4for4_idp,dl:DaVon Hamilton|JAX,DaVon Hamilton,JAX,DT,DL,3915520,DaVon Hamilton,DT,"exact name, slot agrees",1.000
4for4_idp,db:Dadrion Taylor-Demerson|ARI,Dadrion Taylor-Demerson,ARI,S,DB,4428633,Dadrion Taylor-Demerson,S,"exact name, slot agrees",1.000
4for4_idp,db:Daijahn Anthony|CIN,Daijahn Anthony,CIN,S,DB,4874448,Daijahn Anthony,S,"exact name, slot agrees",1.000
4for4_idp,lb:Daiyan Henley|LAC,Daiyan Henley,LAC,LB,LB,4241597,Daiyan Henley,LB,"exact name, slot agrees",1.000
4for4_idp,dl:Dallas Turner|MIN,Dallas Turner,MIN,DE,DL,4565190,Dallas Turner,DE,"exact name, slot agrees",1.000
4for4_idp,db:Dalton Johnson|LV,Dalton Johnson,LV,S,DB,4682488,Dalton Johnson,S,"exact name, slot agrees",1.000
4for4_idp,dl:Dalvin Tomlinson|LAC,Dalvin Tomlinson,LAC,DT,DL,2979860,Dalvin Tomlinson,DT,"exact name, slot agrees",1.000
4for4_idp,db:Damar Hamlin|BUF,Damar Hamlin,BUF,S,DB,4036060,Damar Hamlin,S,"exact name, slot agrees",1.000
4for4_idp,db:Damarion Williams|TB,Damarion Williams,TB,CB,DB,4567480,Damarion Williams,CB,"exact name, slot agrees",1.000
4for4_idp,lb:Damone Clark|DET,Damone Clark,DET,LB,LB,4362636,Damone Clark,LB,"exact name, slot agrees",1.000
4for4_idp,db:Dane Belton|NYJ,Dane Belton,NYJ,S,DB,4426686,Dane Belton,S,"exact name, slot agrees",1.000
4for4_idp,dl:Dani Dennis-Sutton|GB,Dani Dennis-Sutton,GB,DE,DL,4685315,Dani Dennis-Sutton,DE,"exact name, slot agrees",1.000
4for4_idp,db:Daniel Scott|IND,Daniel Scott,IND,S,DB,4242415,Daniel Scott,S,"exact name, slot agrees",1.000
4for4_idp,db:Daniel Thomas|CLE,Daniel Thomas,CLE,S,DB,4035505,Daniel Thomas,S,"exact name, slot agrees",1.000
4for4_idp,dl:Danielle Hunter|HOU,Danielle Hunter,HOU,DE,DL,2976560,Danielle Hunter,DE,"exact name, slot agrees",1.000
4for4_idp,dl:Danny Striggow|JAX,Danny Striggow,JAX,DE,DL,4573319,Danny Striggow,DE,"exact name, slot agrees",1.000
4for4_idp,lb:Danny Stutsman|NO,Danny Stutsman,NO,LB,LB,4683215,Danny Stutsman,LB,"exact name, slot agrees",1.000
4for4_idp,dl:Dante Fowler Jr.|SEA,Dante Fowler Jr.,SEA,DE,DL,2980100,Dante Fowler Jr.,DE,"exact name, slot agrees",1.000
4for4_idp,dl:Dante Stills|ARI,Dante Stills,ARI,DE,DL,4362225,Dante Stills,DT,"exact name, slot agrees",1.000
4for4_idp,db:Dante Trader|MIA,Dante Trader,MIA,S,DB,4431664,Dante Trader Jr.,S,"exact name, slot agrees",1.000
4for4_idp,db:Darien Porter|LV,Darien Porter,LV,CB,DB,4430330,Darien Porter,CB,"exact name, slot agrees",1.000
4for4_idp,dl:Darius Alexander|NYG,Darius Alexander,NYG,DT,DL,4426542,Darius Alexander,DT,"exact name, slot agrees",1.000
4for4_idp,lb:Darius Muasau|NYG,Darius Muasau,NYG,LB,LB,4428072,Darius Muasau,LB,"exact name, slot agrees",1.000
4for4_idp,dl:Darius Robinson|ARI,Darius Robinson,ARI,DT,DL,4569480,Darius Robinson,DT,"exact name, slot agrees",1.000
4for4_idp,db:Darnay Holmes|ATL,Darnay Holmes,ATL,CB,DB,4242973,Darnay Holmes,CB,"exact name, slot agrees",1.000
4for4_idp,db:Darnell Savage Jr.|PIT,Darnell Savage Jr.,PIT,S,DB,3915419,Darnell Savage,S,"exact name, slot agrees",1.000
4for4_idp,dl:Daron Payne|WAS,Daron Payne,WAS,DT,DL,3925354,Daron Payne,DT,"exact name, slot agrees",1.000
4for4_idp,db:Darrell Baker|MIA,Darrell Baker,MIA,CB,DB,4036660,Darrell Baker Jr.,CB,"exact name, slot agrees",1.000
4for4_idp,dl:Darrell Jackson Jr.|NYJ,Darrell Jackson Jr.,NYJ,DT,DL,4612836,Darrell Jackson Jr.,DT,"exact name, slot agrees",1.000
4for4_idp,db:Darrell Luter|SF,Darrell Luter,SF,CB,DB,4685978,Darrell Luter Jr.,CB,"exact name, slot agrees",1.000
4for4_idp,dl:David Bailey|NYJ,David Bailey,NYJ,DE,DL,4685248,David Bailey,DE,"exact name, slot agrees",1.000
4for4_idp,dl:David Ojabo|MIA,David Ojabo,MIA,DE,DL,4426507,David Ojabo,DE,"exact name, slot agrees",1.000
4for4_idp,dl:David Onyemata|NYJ,David Onyemata,NYJ,DT,DL,4002046,David Onyemata,DT,"exact name, slot agrees",1.000
4for4_idp,db:Davison Igbinosun|BUF,Davison Igbinosun,BUF,CB,DB,4832035,Davison Igbinosun,CB,"exact name, slot agrees",1.000
4for4_idp,dl:Davon Godchaux|NO,Davon Godchaux,NO,DT,DL,3115383,Davon Godchaux,DT,"exact name, slot agrees",1.000
4for4_idp,db:Daxton Hill|CIN,Daxton Hill,CIN,CB,DB,4426422,Dax Hill,CB,hand_reviewed,
4for4_idp,db:Daylen Everette|PIT,Daylen Everette,PIT,CB,DB,4685327,Daylen Everette,CB,"exact name, slot agrees",1.000
4for4_idp,dl:Dayo Odeyingbo|CHI,Dayo Odeyingbo,CHI,DE,DL,4242659,Dayo Odeyingbo,DE,"exact name, slot agrees",1.000
4for4_idp,dl:DeAngelo Malone|ATL,DeAngelo Malone,ATL,DE,DL,4243457,DeAngelo Malone,DE,"exact name, slot agrees",1.000
4for4_idp,db:DeAundre Alford|BUF,DeAundre Alford,BUF,CB,DB,4401823,Dee Alford,CB,hand_reviewed,
4for4_idp,dl:DeForest Buckner|IND,DeForest Buckner,IND,DT,DL,2971282,DeForest Buckner,DT,"exact name, slot agrees",1.000
4for4_idp,db:DeMarcco Hellams|ATL,DeMarcco Hellams,ATL,S,DB,4567111,DeMarcco Hellams,S,"exact name, slot agrees",1.000
4for4_idp,dl:DeMarcus Lawrence|SEA,DeMarcus Lawrence,SEA,DE,DL,16802,DeMarcus Lawrence,DE,"exact name, slot agrees",1.000
4for4_idp,dl:DeMarvin Leal|NYG,DeMarvin Leal,NYG,DE,DL,4426359,DeMarvin Leal,DE,"exact name, slot agrees",1.000
4for4_idp,lb:DeMarvion Overshown|DAL,DeMarvion Overshown,DAL,LB,LB,4362088,DeMarvion Overshown,LB,"exact name, slot agrees",1.000
4for4_idp,dl:DeMonte Capehart|TB,DeMonte Capehart,TB,DT,DL,4429007,DeMonte Capehart,DT,"exact name, slot agrees",1.000
4for4_idp,db:DeShon Elliott|PIT,DeShon Elliott,PIT,S,DB,3929846,DeShon Elliott,S,"exact name, slot agrees",1.000
4for4_idp,dl:DeWayne Carter|BUF,DeWayne Carter,BUF,DT,DL,4426883,DeWayne Carter,DT,"exact name, slot agrees",1.000
4for4_idp,db:Dean Clark|NYJ,Dean Clark,NYJ,S,DB,4426921,Dean Clark,S,"exact name, slot agrees",1.000
4for4_idp,db:Deane Leonard|LAC,Deane Leonard,LAC,CB,DB,4690171,Deane Leonard,CB,"exact name, slot agrees",1.000
4for4_idp,dl:Deatrich Wise Jr.|WAS,Deatrich Wise Jr.,WAS,DE,DL,2980080,Deatrich Wise Jr.,DT,"exact name, slot agrees",1.000
4for4_idp,db:Decamerion Richardson|LV,Decamerion Richardson,LV,CB,DB,4605498,Decamerion Richardson,CB,"exact name, slot agrees",1.000
4for4_idp,lb:Dee Winters|DAL,Dee Winters,DAL,LB,LB,4428914,Dee Winters,LB,"exact name, slot agrees",1.000
4for4_idp,lb:Del'Shawn Phillips|LAC,Del'Shawn Phillips,LAC,LB,LB,4240528,Del'Shawn Phillips,LB,"exact name, slot agrees",1.000
4for4_idp,db:Dell Pettus|NE,Dell Pettus,NE,S,DB,4428232,Dell Pettus,S,"exact name, slot agrees",1.000
4for4_idp,db:Demani Richardson|CAR,Demani Richardson,CAR,S,DB,4426926,Demani Richardson,S,"exact name, slot agrees",1.000
4for4_idp,lb:Demario Davis|NYJ,Demario Davis,NYJ,LB,LB,14958,Demario Davis,LB,"exact name, slot agrees",1.000
4for4_idp,lb:Demetrius Flannigan-Fowles|BUF,Demetrius Flannigan-Fowles,BUF,LB,LB,3931424,Demetrius Flannigan-Fowles,LB,"exact name, slot agrees",1.000
4for4_idp,lb:Demetrius Knight|CIN,Demetrius Knight,CIN,LB,LB,4427729,Demetrius Knight Jr.,LB,"exact name, slot agrees",1.000
4for4_idp,lb:Dennis Gardeck|JAX,Dennis Gardeck,JAX,LB,LB,4334300,Dennis Gardeck,DE,hand_reviewed,
4for4_idp,db:Denzel Burke|ARI,Denzel Burke,ARI,CB,DB,4432668,Denzel Burke,CB,"exact name, slot agrees",1.000
4for4_idp,lb:Denzel Perryman|LAC,Denzel Perryman,LAC,LB,LB,2579621,Denzel Perryman,LB,"exact name, slot agrees",1.000
4for4_idp,db:Denzel Ward|CLE,Denzel Ward,CLE,CB,DB,3915535,Denzel Ward,CB,"exact name, slot agrees",1.000
4for4_idp,db:Deommodore Lenoir|SF,Deommodore Lenoir,SF,CB,DB,4242488,Deommodore Lenoir,CB,"exact name, slot agrees",1.000
4for4_idp,dl:Deone Walker|BUF,Deone Walker,BUF,DT,DL,4831989,Deone Walker,DT,"exact name, slot agrees",1.000
4for4_idp,db:Deonte Banks|NYG,Deonte Banks,NYG,CB,DB,4428328,Deonte Banks,CB,"exact name, slot agrees",1.000
4for4_idp,db:Derek Stingley Jr.|HOU,Derek Stingley Jr.,HOU,CB,DB,4426434,Derek Stingley Jr.,CB,"exact name, slot agrees",1.000
4for4_idp,dl:Derick Hall|SEA,Derick Hall,SEA,DE,DL,4567226,Derick Hall,DE,"exact name, slot agrees",1.000
4for4_idp,db:Derion Kendrick|DAL,Derion Kendrick,DAL,CB,DB,4360307,Derion Kendrick,CB,"exact name, slot agrees",1.000
4for4_idp,lb:Derrick Barnes|DET,Derrick Barnes,DET,LB,LB,4260409,Derrick Barnes,LB,"exact name, slot agrees",1.000
4for4_idp,dl:Derrick Brown|CAR,Derrick Brown,CAR,DT,DL,4035495,Derrick Brown,DT,"exact name, slot agrees",1.000
4for4_idp,db:Derrick Canteen|TEN,Derrick Canteen,TEN,S,DB,4429366,,,hand_reviewed,
4for4_idp,dl:Derrick Harmon|PIT,Derrick Harmon,PIT,DT,DL,4682980,Derrick Harmon,DT,"exact name, slot agrees",1.000
4for4_idp,dl:Derrick Moore|DET,Derrick Moore,DET,DE,DL,4685461,Derrick Moore,DE,"exact name, slot agrees",1.000
4for4_idp,dl:Derrick Nnadi|IND,Derrick Nnadi,IND,DT,DL,3122930,Derrick Nnadi,DT,"exact name, slot agrees",1.000
4for4_idp,db:Derwin James|LAC,Derwin James,LAC,CB,DB,3691739,Derwin James Jr.,S,"exact name, slot agrees",1.000
4for4_idp,dl:Desjuan Johnson|LAR,Desjuan Johnson,LAR,DE,DL,4362294,Desjuan Johnson,DE,"exact name, slot agrees",1.000
4for4_idp,lb:Devin Bush Jr.|CHI,Devin Bush Jr.,CHI,LB,LB,4036261,Devin Bush,LB,"exact name, slot agrees",1.000
4for4_idp,lb:Devin Lloyd|CAR,Devin Lloyd,CAR,LB,LB,4243256,Devin Lloyd,LB,"exact name, slot agrees",1.000
4for4_idp,db:Devin Moore|DAL,Devin Moore,DAL,CB,DB,4702577,Devin Moore,CB,"exact name, slot agrees",1.000
4for4_idp,lb:Devin White|DET,Devin White,DET,LB,LB,4035434,Devin White,LB,"exact name, slot agrees",1.000
4for4_idp,db:Devon Key|DEN,Devon Key,DEN,S,DB,4037559,Devon Key,S,"exact name, slot agrees",1.000
4for4_idp,db:Devon Witherspoon|SEA,Devon Witherspoon,SEA,CB,DB,4575431,Devon Witherspoon,CB,"exact name, slot agrees",1.000
4for4_idp,dl:Devonte Wyatt|GB,Devonte Wyatt,GB,DT,DL,4361791,Devonte Wyatt,DT,"exact name, slot agrees",1.000
4for4_idp,dl:Dexter Lawrence|CIN,Dexter Lawrence,CIN,DT,DL,4035483,Dexter Lawrence II,DT,"exact name, slot agrees",1.000
4for4_idp,db:Dillon Thieneman|CHI,Dillon Thieneman,CHI,S,DB,4954445,Dillon Thieneman,S,"exact name, slot agrees",1.000
4for4_idp,lb:Divine Deablo|ATL,Divine Deablo,ATL,LB,LB,4037626,Divine Deablo,LB,"exact name, slot agrees",1.000
4for4_idp,db:Dom Jones|CLE,Dom Jones,CLE,CB,DB,4572519,Dom Jones,CB,"exact name, slot agrees",1.000
4for4_idp,dl:Dominique Robinson|HOU,Dominique Robinson,HOU,DE,DL,4244300,Dominique Robinson,DE,"exact name, slot agrees",1.000
4for4_idp,dl:Domonique Orange|MIN,Domonique Orange,MIN,DT,DL,4698728,Domonique Orange,DT,"exact name, slot agrees",1.000
4for4_idp,dl:Dondrea Tillman|DEN,Dondrea Tillman,DEN,DE,DL,5216101,Dondrea Tillman,DE,"exact name, slot agrees",1.000
4for4_idp,dl:Donovan Ezeiruaku|DAL,Donovan Ezeiruaku,DAL,DE,DL,4683848,Donovan Ezeiruaku,DE,"exact name, slot agrees",1.000
4for4_idp,db:Donovan McMillon|CLE,Donovan McMillon,CLE,S,DB,4686027,Donovan McMillon,S,"exact name, slot agrees",1.000
4for4_idp,db:Donte Jackson|LAC,Donte Jackson,LAC,CB,DB,3843769,Donte Jackson,CB,"exact name, slot agrees",1.000
4for4_idp,dl:Dorance Armstrong Jr.|WAS,Dorance Armstrong Jr.,WAS,DE,DL,3928979,Dorance Armstrong,DE,"exact name, slot agrees",1.000
4for4_idp,db:Dorian Strong|BUF,Dorian Strong,BUF,CB,DB,4568703,Dorian Strong,CB,"exact name, slot agrees",1.000
4for4_idp,lb:Dorian Williams|BUF,Dorian Williams,BUF,LB,LB,4568624,Dorian Williams,LB,"exact name, slot agrees",1.000
4for4_idp,dl:Drake Jackson|WAS,Drake Jackson,WAS,DE,DL,4569511,Drake Jackson,DE,"exact name, slot agrees",1.000
4for4_idp,lb:Drake Thomas|SEA,Drake Thomas,SEA,LB,LB,4428659,Drake Thomas,LB,"exact name, slot agrees",1.000
4for4_idp,lb:Dre Greenlaw|SF,Dre Greenlaw,SF,LB,LB,3916903,Dre Greenlaw,LB,"exact name, slot agrees",1.000
4for4_idp,dl:Dre'Mont Jones|NE,Dre'Mont Jones,NE,DE,DL,3915525,Dre'Mont Jones,DE,"exact name, slot agrees",1.000
4for4_idp,lb:Drue Tranquill|KC,Drue Tranquill,KC,LB,LB,3129310,Drue Tranquill,LB,"exact name, slot agrees",1.000
4for4_idp,dl:Durell Nchami|IND,Durell Nchami,IND,DE,DL,4360638,Durell Nchami,DE,"exact name, slot agrees",1.000
4for4_idp,db:Dwight McGlothern|MIN,Dwight McGlothern,MIN,CB,DB,4429128,Dwight McGlothern Jr.,CB,"exact name, slot agrees",1.000
4for4_idp,dl:Dylan Horton|HOU,Dylan Horton,HOU,DE,DL,4374066,Dylan Horton,DE,"exact name, slot agrees",1.000
4for4_idp,lb:E.J. Speed|HOU,E.J. Speed,HOU,LB,LB,3071353,E.J. Speed,LB,"exact name, slot agrees",1.000
4for4_idp,lb:Easton Mascarenas-Arnold|CLE,Easton Mascarenas-Arnold,CLE,LB,LB,5085888,Easton Mascarenas-Arnold,LB,"exact name, slot agrees",1.000
4for4_idp,dl:Ed Oliver|BUF,Ed Oliver,BUF,DT,DL,4039303,Ed Oliver,DT,"exact name, slot agrees",1.000
4for4_idp,lb:Edgerrin Cooper|GB,Edgerrin Cooper,GB,LB,LB,4430438,Edgerrin Cooper,LB,"exact name, slot agrees",1.000
4for4_idp,lb:Elandon Roberts|PIT,Elandon Roberts,PIT,LB,LB,2987743,Elandon Roberts,LB,"exact name, slot agrees",1.000
4for4_idp,db:Elijah Campbell|NYG,Elijah Campbell,NYG,S,DB,3932901,Elijah Campbell,S,"exact name, slot agrees",1.000
4for4_idp,dl:Elijah Chatman|NYG,Elijah Chatman,NYG,DT,DL,4429392,Elijah Chatman,DT,"exact name, slot agrees",1.000
4for4_idp,db:Elijah Hicks|CHI,Elijah Hicks,CHI,S,DB,4242402,Elijah Hicks,S,"exact name, slot agrees",1.000
4for4_idp,db:Elijah Molden|LAC,Elijah Molden,LAC,S,DB,4243328,Elijah Molden,S,"exact name, slot agrees",1.000
4for4_idp,dl:Elijah Ponder|NE,Elijah Ponder,NE,DE,DL,4688432,Elijah Ponder,DE,"exact name, slot agrees",1.000
4for4_idp,dl:Elijah Roberts|TB,Elijah Roberts,TB,DE,DL,4690795,Elijah Roberts,DT,"exact name, slot agrees",1.000
4for4_idp,dl:Elijah Simmons|TB,Elijah Simmons,TB,DT,DL,4430478,Elijah Simmons,DT,"exact name, slot agrees",1.000
4for4_idp,dl:Elijah Williams|MIN,Elijah Williams,MIN,DE,DL,4696782,Elijah Williams,DT,"exact name, slot agrees",1.000
4for4_idp,db:Emmanuel Forbes|LAR,Emmanuel Forbes,LAR,CB,DB,4429767,Emmanuel Forbes Jr.,CB,"exact name, slot agrees",1.000
4for4_idp,db:Emmanuel McNeil-Warren|CLE,Emmanuel McNeil-Warren,CLE,S,DB,4837186,Emmanuel McNeil-Warren,S,"exact name, slot agrees",1.000
4for4_idp,db:Ennis Rakestraw Jr.|DET,Ennis Rakestraw Jr.,DET,CB,DB,4566092,Ennis Rakestraw Jr.,CB,"exact name, slot agrees",1.000
4for4_idp,db:Ephesians Prysock|SF,Ephesians Prysock,SF,CB,DB,4685523,Ephesians Prysock,CB,"exact name, slot agrees",1.000
4for4_idp,dl:Eric Gregory|NE,Eric Gregory,NE,DT,DL,4567171,Eric Gregory,DT,"exact name, slot agrees",1.000
4for4_idp,dl:Eric Johnson II|MIN,Eric Johnson II,MIN,DT,DL,4050971,Eric Johnson II,DT,"exact name, slot agrees",1.000
4for4_idp,db:Eric Murray|JAX,Eric Murray,JAX,S,DB,2970716,Eric Murray,S,"exact name, slot agrees",1.000
4for4_idp,db:Eric Stokes|LV,Eric Stokes,LV,CB,DB,4259561,Eric Stokes,CB,"exact name, slot agrees",1.000
4for4_idp,lb:Eric Wilson|MIN,Eric Wilson,MIN,LB,LB,3056916,Eric Wilson,LB,"exact name, slot agrees",1.000
4for4_idp,db:Erick Hallett|TEN,Erick Hallett,TEN,CB,DB,4373320,Erick Hallett II,S,"exact name, slot agrees",1.000
4for4_idp,lb:Ernest Jones IV|SEA,Ernest Jones IV,SEA,LB,LB,4362851,Ernest Jones IV,LB,"exact name, slot agrees",1.000
4for4_idp,dl:Esezi Otomewo|PIT,Esezi Otomewo,PIT,DT,DL,4240759,Esezi Otomewo,DT,"exact name, slot agrees",1.000
4for4_idp,db:Ethan Bonner|MIA,Ethan Bonner,MIA,CB,DB,4360746,Ethan Bonner,CB,"exact name, slot agrees",1.000
4for4_idp,dl:Ethan Downs|KC,Ethan Downs,KC,DE,DL,4431534,Ethan Downs,DE,"exact name, slot agrees",1.000
4for4_idp,db:Ethan Robinson|MIA,Ethan Robinson,MIA,CB,DB,4876614,,,hand_reviewed,
4for4_idp,db:Evan Williams|GB,Evan Williams,GB,S,DB,4428863,Evan Williams,S,"exact name, slot agrees",1.000
4for4_idp,dl:Eyioma Uwazurike|DEN,Eyioma Uwazurike,DEN,DT,DL,4066109,Eyioma Uwazurike,DT,"exact name, slot agrees",1.000
4for4_idp,dl:Felix Anudike-Uzomah|KC,Felix Anudike-Uzomah,KC,DE,DL,4612387,Felix Anudike-Uzomah,DE,"exact name, slot agrees",1.000
4for4_idp,lb:Foyesade Oluokun|JAX,Foyesade Oluokun,JAX,LB,LB,3050073,Foyesade Oluokun,LB,"exact name, slot agrees",1.000
4for4_idp,lb:Francisco Mauigoa|NYJ,Francisco Mauigoa,NYJ,LB,LB,4700136,Kiko Mauigoa,LB,hand_reviewed,
4for4_idp,lb:Frankie Luvu|WAS,Frankie Luvu,WAS,LB,LB,3127273,Frankie Luvu,LB,"exact name, slot agrees",1.000
4for4_idp,lb:Fred Warner|SF,Fred Warner,SF,LB,LB,3138826,Fred Warner,LB,"exact name, slot agrees",1.000
4for4_idp,dl:Gabe Hall|PHI,Gabe Hall,PHI,DE,DL,4429731,Gabe Hall,DT,"exact name, slot agrees",1.000
4for4_idp,dl:Gabe Jacas|NE,Gabe Jacas,NE,DE,DL,4837244,Gabe Jacas,DE,"exact name, slot agrees",1.000
4for4_idp,lb:Garret Wallow|SF,Garret Wallow,SF,LB,LB,4241807,Garret Wallow,LB,"exact name, slot agrees",1.000
4for4_idp,db:Garrett Williams|ARI,Garrett Williams,ARI,CB,DB,4568506,Garrett Williams,CB,"exact name, slot agrees",1.000
4for4_idp,db:Genesis Smith|LAC,Genesis Smith,LAC,S,DB,4950551,Genesis Smith,S,"exact name, slot agrees",1.000
4for4_idp,db:Geno Stone|BUF,Geno Stone,BUF,S,DB,4240575,Geno Stone,S,"exact name, slot agrees",1.000
4for4_idp,dl:George Karlaftis III|KC,George Karlaftis III,KC,DE,DL,4426659,George Karlaftis,DE,"exact name, slot agrees",1.000
4for4_idp,dl:Gervon Dexter|CHI,Gervon Dexter,CHI,DT,DL,4429014,Gervon Dexter Sr.,DT,"exact name, slot agrees",1.000
4for4_idp,dl:Grady Jarrett|CHI,Grady Jarrett,CHI,DT,DL,2576492,Grady Jarrett,DT,"exact name, slot agrees",1.000
4for4_idp,db:Grant Delpit|CLE,Grant Delpit,CLE,S,DB,4242208,Grant Delpit,S,"exact name, slot agrees",1.000
4for4_idp,lb:Grant Stuard|LAR,Grant Stuard,LAR,LB,LB,4240255,Grant Stuard,LB,"exact name, slot agrees",1.000
4for4_idp,db:Greedy Vance|LV,Greedy Vance,LV,CB,DB,4686337,Greedy Vance,CB,"exact name, slot agrees",1.000
4for4_idp,db:Greg Newsome II|NYG,Greg Newsome II,NYG,CB,DB,4361266,Greg Newsome II,CB,"exact name, slot agrees",1.000
4for4_idp,dl:Gregory Rousseau|BUF,Gregory Rousseau,BUF,DE,DL,4362506,Greg Rousseau,DE,hand_reviewed,
4for4_idp,dl:Grover Stewart|IND,Grover Stewart,IND,DT,DL,4058825,Grover Stewart,DT,"exact name, slot agrees",1.000
4for4_idp,dl:Harold Landry|NE,Harold Landry,NE,DE,DL,3122793,Harold Landry III,DE,"exact name, slot agrees",1.000
4for4_idp,lb:Harold Perkins Jr.|ATL,Harold Perkins Jr.,ATL,LB,LB,4685502,Harold Perkins Jr.,LB,"exact name, slot agrees",1.000
4for4_idp,dl:Harrison Phillips|NYJ,Harrison Phillips,NYJ,DT,DL,3117255,Harrison Phillips,DT,"exact name, slot agrees",1.000
4for4_idp,lb:Henry To'oTo'o|HOU,Henry To'oTo'o,HOU,LB,LB,4426350,Henry To'oTo'o,LB,"exact name, slot agrees",1.000
4for4_idp,dl:Howard Cross III|CIN,Howard Cross III,CIN,DT,DL,4426992,Howard Cross III,DT,"exact name, slot agrees",1.000
4for4_idp,db:Hunter Wohler|IND,Hunter Wohler,IND,S,DB,4432789,Hunter Wohler,S,"exact name, slot agrees",1.000
4for4_idp,db:Isaac Yiadom|NO,Isaac Yiadom,NO,CB,DB,3122797,Isaac Yiadom,CB,"exact name, slot agrees",1.000
4for4_idp,dl:Isaiah Foskey|CIN,Isaiah Foskey,CIN,DE,DL,4426457,Isaiah Foskey,DE,"exact name, slot agrees",1.000
4for4_idp,lb:Isaiah McDuffie|GB,Isaiah McDuffie,GB,LB,LB,4239947,Isaiah McDuffie,LB,"exact name, slot agrees",1.000
4for4_idp,dl:Isaiah McGuire|CLE,Isaiah McGuire,CLE,DE,DL,4427963,Isaiah McGuire,DE,"exact name, slot agrees",1.000
4for4_idp,db:Isaiah Pola-Mao|LV,Isaiah Pola-Mao,LV,S,DB,4259632,Isaiah Pola-Mao,S,"exact name, slot agrees",1.000
4for4_idp,db:Isaiah Rodgers|MIN,Isaiah Rodgers,MIN,CB,DB,4044540,Isaiah Rodgers,CB,"exact name, slot agrees",1.000
4for4_idp,lb:Isaiah Stalbird|NO,Isaiah Stalbird,NO,LB,LB,4361194,Isaiah Stalbird,LB,"exact name, slot agrees",1.000
4for4_idp,lb:Ivan Pace|MIN,Ivan Pace,MIN,LB,LB,4430280,Ivan Pace Jr.,LB,"exact name, slot agrees",1.000
4for4_idp,lb:JD Bertrand|ATL,JD Bertrand,ATL,LB,LB,4428872,JD Bertrand,LB,"exact name, slot agrees",1.000
4for4_idp,dl:JJ Pegues|LV,JJ Pegues,LV,DT,DL,4430896,JJ Pegues,DT,"exact name, slot agrees",1.000
4for4_idp,db:JL Skinner|DEN,JL Skinner,DEN,S,DB,4428503,JL Skinner,S,"exact name, slot agrees",1.000
4for4_idp,db:Ja'Marcus Ingram|HOU,Ja'Marcus Ingram,HOU,CB,DB,4240059,Ja'Marcus Ingram,CB,"exact name, slot agrees",1.000
4for4_idp,db:Ja'Quan McMillian|DEN,Ja'Quan McMillian,DEN,CB,DB,4567462,Ja'Quan McMillian,CB,"exact name, slot agrees",1.000
4for4_idp,lb:Jack Campbell|DET,Jack Campbell,DET,LB,LB,4569465,Jack Campbell,LB,"exact name, slot agrees",1.000
4for4_idp,lb:Jack Cochrane|KC,Jack Cochrane,KC,LB,LB,4249766,Jack Cochrane,LB,"exact name, slot agrees",1.000
4for4_idp,lb:Jack Gibbens|ARI,Jack Gibbens,ARI,LB,LB,4249739,Jack Gibbens,LB,"exact name, slot agrees",1.000
4for4_idp,db:Jack Jones|SF,Jack Jones,SF,CB,DB,4035686,Jack Jones,CB,"exact name, slot agrees",1.000
4for4_idp,lb:Jack Kiser|JAX,Jack Kiser,JAX,LB,LB,4427716,Jack Kiser,LB,"exact name, slot agrees",1.000
4for4_idp,lb:Jack Sanborn|CHI,Jack Sanborn,CHI,LB,LB,4372576,Jack Sanborn,LB,"exact name, slot agrees",1.000
4for4_idp,dl:Jack Sawyer|PIT,Jack Sawyer,PIT,DE,DL,4431590,Jack Sawyer,DE,"exact name, slot agrees",1.000
4for4_idp,dl:Jacob Martin|TEN,Jacob Martin,TEN,DE,DL,3138764,Jacob Martin,DE,"exact name, slot agrees",1.000
4for4_idp,db:Jacob Parrish|TB,Jacob Parrish,TB,CB,DB,4912847,Jacob Parrish,CB,"exact name, slot agrees",1.000
4for4_idp,lb:Jacob Rodriguez|MIA,Jacob Rodriguez,MIA,LB,LB,4566094,Jacob Rodriguez,LB,"exact name, slot agrees",1.000
4for4_idp,dl:Jaden Crumedy|GB,Jaden Crumedy,GB,DE,DL,4362910,Jaden Crumedy,DT,"exact name, slot agrees",1.000
4for4_idp,db:Jaden Davis|ARI,Jaden Davis,ARI,CB,DB,4426435,Jaden Davis,CB,"exact name, slot agrees",1.000
4for4_idp,lb:Jaden Dugger|SF,Jaden Dugger,SF,LB,LB,5086161,Jaden Dugger,LB,"exact name, slot agrees",1.000
4for4_idp,db:Jaden Hicks|KC,Jaden Hicks,KC,S,DB,4685232,Jaden Hicks,S,"exact name, slot agrees",1.000
4for4_idp,dl:Jadeveon Clowney|HOU,Jadeveon Clowney,HOU,DE,DL,16734,Jadeveon Clowney,DE,"exact name, slot agrees",1.000
4for4_idp,db:Jadon Canady|KC,Jadon Canady,KC,CB,DB,4710706,Jadon Canady,CB,"exact name, slot agrees",1.000
4for4_idp,dl:Jaelan Phillips|CAR,Jaelan Phillips,CAR,DE,DL,4242975,Jaelan Phillips,DE,"exact name, slot agrees",1.000
4for4_idp,db:Jahdae Barron|DEN,Jahdae Barron,DEN,CB,DB,4430925,Jahdae Barron,CB,"exact name, slot agrees",1.000
4for4_idp,lb:Jaishawn Barham|DAL,Jaishawn Barham,DAL,LB,LB,4685266,Jaishawn Barham,LB,"exact name, slot agrees",1.000
4for4_idp,lb:Jake Golday|MIN,Jake Golday,MIN,LB,LB,4877652,Jake Golday,LB,"exact name, slot agrees",1.000
4for4_idp,lb:Jake Hansen|HOU,Jake Hansen,HOU,LB,LB,4033812,Jake Hansen,LB,"exact name, slot agrees",1.000
4for4_idp,lb:Jake Hummel|HOU,Jake Hummel,HOU,LB,LB,4241250,Jake Hummel,LB,"exact name, slot agrees",1.000
4for4_idp,db:Jakobe Thomas|MIN,Jakobe Thomas,MIN,S,DB,4710865,Jakobe Thomas,S,"exact name, slot agrees",1.000
4for4_idp,db:Jakorian Bennett|PHI,Jakorian Bennett,PHI,CB,DB,4686911,Jakorian Bennett,CB,"exact name, slot agrees",1.000
4for4_idp,dl:Jalen Carter|PHI,Jalen Carter,PHI,DT,DL,4685759,Jalen Carter,DT,"exact name, slot agrees",1.000
4for4_idp,db:Jalen Davis|CIN,Jalen Davis,CIN,CB,DB,3125356,Jalen Davis,CB,"exact name, slot agrees",1.000
4for4_idp,db:Jalen Huskey|JAX,Jalen Huskey,JAX,S,DB,4912185,Jalen Huskey,S,"exact name, slot agrees",1.000
4for4_idp,db:Jalen Pitre|HOU,Jalen Pitre,HOU,CB,DB,4241223,Jalen Pitre,CB,"exact name, slot agrees",1.000
4for4_idp,db:Jalen Ramsey|PIT,Jalen Ramsey,PIT,CB,DB,3045373,Jalen Ramsey,CB,"exact name, slot agrees",1.000
4for4_idp,dl:Jalen Redmond|MIN,Jalen Redmond,MIN,DT,DL,4360277,Jalen Redmond,DT,"exact name, slot agrees",1.000
4for4_idp,db:Jalen Thompson|DAL,Jalen Thompson,DAL,S,DB,4043089,Jalen Thompson,S,"exact name, slot agrees",1.000
4for4_idp,db:Jalon Kilgore|BUF,Jalon Kilgore,BUF,CB,DB,5076951,Jalon Kilgore,S,"exact name, slot agrees",1.000
4for4_idp,dl:Jalon Walker|ATL,Jalon Walker,ATL,DE,DL,4685597,Jalon Walker,DE,"exact name, slot agrees",1.000
4for4_idp,dl:Jalyn Holmes|TEN,Jalyn Holmes,TEN,DE,DL,3121414,Jalyn Holmes,DT,"exact name, slot agrees",1.000
4for4_idp,dl:Jalyx Hunt|PHI,Jalyx Hunt,PHI,DE,DL,4571162,Jalyx Hunt,DE,"exact name, slot agrees",1.000
4for4_idp,dl:Jamaree Caldwell|LAC,Jamaree Caldwell,LAC,DT,DL,5089178,Jamaree Caldwell,DT,"exact name, slot agrees",1.000
4for4_idp,db:Jamel Dean|PIT,Jamel Dean,PIT,CB,DB,3873935,Jamel Dean,CB,"exact name, slot agrees",1.000
4for4_idp,dl:James Houston|DAL,James Houston,DAL,DE,DL,4240608,James Houston,DE,"exact name, slot agrees",1.000
4for4_idp,dl:James Lynch|CHI,James Lynch,CHI,DT,DL,4259181,James Lynch,DT,"exact name, slot agrees",1.000
4for4_idp,dl:James Pearce|ATL,James Pearce,ATL,DE,DL,5081394,James Pearce Jr.,DE,"exact name, slot agrees",1.000
4for4_idp,db:James Pierre|MIN,James Pierre,MIN,CB,DB,4259252,James Pierre,CB,"exact name, slot agrees",1.000
4for4_idp,lb:James Williams|TEN,James Williams,TEN,LB,LB,4431613,James Williams Sr.,LB,"exact name, slot agrees",1.000
4for4_idp,lb:Jamien Sherwood|NYJ,Jamien Sherwood,NYJ,LB,LB,4361331,Jamien Sherwood,LB,"exact name, slot agrees",1.000
4for4_idp,lb:Jamin Davis|PIT,Jamin Davis,PIT,LB,LB,4240778,Jamin Davis,DE,hand_reviewed,
4for4_idp,db:Jaquan Brisker|PIT,Jaquan Brisker,PIT,S,DB,4570044,Jaquan Brisker,S,"exact name, slot agrees",1.000
4for4_idp,dl:Jared Harrison-Hunte|CAR,Jared Harrison-Hunte,CAR,DE,DL,4427401,,,hand_reviewed,
4for4_idp,dl:Jared Verse|CLE,Jared Verse,CLE,DE,DL,4578085,Jared Verse,DE,"exact name, slot agrees",1.000
4for4_idp,dl:Jarran Reed|SEA,Jarran Reed,SEA,DT,DL,3115312,Jarran Reed,DT,"exact name, slot agrees",1.000
4for4_idp,db:Jarrian Jones|JAX,Jarrian Jones,JAX,CB,DB,4426448,Jarrian Jones,CB,"exact name, slot agrees",1.000
4for4_idp,db:Jarrick Bernard-Converse|NYG,Jarrick Bernard-Converse,NYG,CB,DB,4361834,Jarrick Bernard-Converse,CB,"exact name, slot agrees",1.000
4for4_idp,db:Jarvis Brownlee|NYJ,Jarvis Brownlee,NYJ,CB,DB,4426817,Jarvis Brownlee Jr.,CB,"exact name, slot agrees",1.000
4for4_idp,db:Jason Marshall|MIA,Jason Marshall,MIA,CB,DB,4432730,Jason Marshall Jr.,CB,"exact name, slot agrees",1.000
4for4_idp,db:Jason Pinnock|NYG,Jason Pinnock,NYG,S,DB,4240706,Jason Pinnock,S,"exact name, slot agrees",1.000
4for4_idp,db:Javon Bullard|GB,Javon Bullard,GB,CB,DB,4688930,Javon Bullard,CB,"exact name, slot agrees",1.000
4for4_idp,dl:Javon Hargrave|GB,Javon Hargrave,GB,DT,DL,2983055,Javon Hargrave,DT,"exact name, slot agrees",1.000
4for4_idp,dl:Javon Kinlaw|WAS,Javon Kinlaw,WAS,DT,DL,4259491,Javon Kinlaw,DT,"exact name, slot agrees",1.000
4for4_idp,dl:Javon Solomon|BUF,Javon Solomon,BUF,DE,DL,4428548,Javon Solomon,DE,"exact name, slot agrees",1.000
4for4_idp,dl:Javontae Jean-Baptiste|WAS,Javontae Jean-Baptiste,WAS,DE,DL,4361357,Javontae Jean-Baptiste,DE,"exact name, slot agrees",1.000
4for4_idp,lb:Jay Higgins IV|BAL,Jay Higgins IV,BAL,LB,LB,4565350,Jay Higgins IV,LB,"exact name, slot agrees",1.000
4for4_idp,dl:Jay Toia|DAL,Jay Toia,DAL,DT,DL,4431603,Jay Toia,DT,"exact name, slot agrees",1.000
4for4_idp,db:Jay Ward|MIN,Jay Ward,MIN,S,DB,4568007,Jay Ward,S,"exact name, slot agrees",1.000
4for4_idp,db:Jaycee Horn|CAR,Jaycee Horn,CAR,CB,DB,4362847,Jaycee Horn,CB,"exact name, slot agrees",1.000
4for4_idp,dl:Jaylahn Tuimoloau|IND,Jaylahn Tuimoloau,IND,DE,DL,4566154,Jaylahn Tuimoloau,DE,"exact name, slot agrees",1.000
4for4_idp,dl:Jaylen Harrell|TEN,Jaylen Harrell,TEN,DE,DL,4429058,Jaylen Harrell,DE,"exact name, slot agrees",1.000
4for4_idp,db:Jaylen McCollough|LAR,Jaylen McCollough,LAR,S,DB,4427120,Jaylen McCollough,S,"exact name, slot agrees",1.000
4for4_idp,db:Jaylen Reed|HOU,Jaylen Reed,HOU,S,DB,4432758,Jaylen Reed,S,"exact name, slot agrees",1.000
4for4_idp,db:Jaylen Watson|LAR,Jaylen Watson,LAR,CB,DB,4697639,Jaylen Watson,CB,"exact name, slot agrees",1.000
4for4_idp,db:Jaylin Simpson|GB,Jaylin Simpson,GB,CB,DB,4567225,Jaylin Simpson,CB,"exact name, slot agrees",1.000
4for4_idp,db:Jaylin Smith|HOU,Jaylin Smith,HOU,CB,DB,4594277,Jaylin Smith,CB,"exact name, slot agrees",1.000
4for4_idp,db:Jaylinn Hawkins|BAL,Jaylinn Hawkins,BAL,S,DB,3858276,Jaylinn Hawkins,S,"exact name, slot agrees",1.000
4for4_idp,lb:Jaylon Carlies|IND,Jaylon Carlies,IND,LB,LB,4601021,Jaylon Carlies,LB,"exact name, slot agrees",1.000
4for4_idp,db:Jaylon Johnson|CHI,Jaylon Johnson,CHI,CB,DB,4243253,Jaylon Johnson,CB,"exact name, slot agrees",1.000
4for4_idp,db:Jaylon Jones|CHI,Jaylon Jones,CHI,CB,DB,4047655,Jaylon Jones,CB,hand_reviewed,
4for4_idp,dl:Jeffery Simmons|TEN,Jeffery Simmons,TEN,DT,DL,4035369,Jeffery Simmons,DT,"exact name, slot agrees",1.000
4for4_idp,lb:Jeffrey Bassa|KC,Jeffrey Bassa,KC,LB,LB,4602389,Jeffrey Bassa,LB,"exact name, slot agrees",1.000
4for4_idp,dl:Jer'Zhan Newton|WAS,Jer'Zhan Newton,WAS,DT,DL,4430560,Jer'Zhan Newton,DT,"exact name, slot agrees",1.000
4for4_idp,dl:Jeremiah Pharms|NE,Jeremiah Pharms,NE,DE,DL,5081728,Jeremiah Pharms Jr.,DT,"exact name, slot agrees",1.000
4for4_idp,lb:Jeremiah Trotter Jr.|PHI,Jeremiah Trotter Jr.,PHI,LB,LB,4432777,Jeremiah Trotter Jr.,LB,"exact name, slot agrees",1.000
4for4_idp,db:Jeremy Chinn|LV,Jeremy Chinn,LV,S,DB,4043169,Jeremy Chinn,S,"exact name, slot agrees",1.000
4for4_idp,db:Jeremy Reaves|WAS,Jeremy Reaves,WAS,S,DB,3125248,Jeremy Reaves,S,"exact name, slot agrees",1.000
4for4_idp,dl:Jermaine Johnson II|TEN,Jermaine Johnson II,TEN,DE,DL,4567962,Jermaine Johnson II,DE,"exact name, slot agrees",1.000
4for4_idp,db:Jermod McCoy|LV,Jermod McCoy,LV,CB,DB,5157289,Jermod McCoy,CB,"exact name, slot agrees",1.000
4for4_idp,db:Jerrick Reed|TEN,Jerrick Reed,TEN,S,DB,4570084,Jerrick Reed II,S,"exact name, slot agrees",1.000
4for4_idp,dl:Jerry Tillery|IND,Jerry Tillery,IND,DT,DL,3863182,Jerry Tillery,DT,"exact name, slot agrees",1.000
4for4_idp,db:Jessie Bates III|ATL,Jessie Bates III,ATL,S,DB,3919512,Jessie Bates III,S,"exact name, slot agrees",1.000
4for4_idp,db:Jevon Holland|NYG,Jevon Holland,NYG,S,DB,4373809,Jevon Holland,S,"exact name, slot agrees",1.000
4for4_idp,db:Ji'Ayir Brown|SF,Ji'Ayir Brown,SF,S,DB,4693644,Ji'Ayir Brown,S,"exact name, slot agrees",1.000
4for4_idp,lb:Jihaad Campbell|PHI,Jihaad Campbell,PHI,LB,LB,4685287,Jihaad Campbell,LB,"exact name, slot agrees",1.000
4for4_idp,lb:Jimmy Rolder|DET,Jimmy Rolder,DET,LB,LB,4896353,Jimmy Rolder,LB,"exact name, slot agrees",1.000
4for4_idp,lb:Joe Andreessen|BUF,Joe Andreessen,BUF,LB,LB,4366349,Joe Andreessen,LB,"exact name, slot agrees",1.000
4for4_idp,lb:Joe Giles-Harris|CIN,Joe Giles-Harris,CIN,LB,LB,3917797,Joe Giles-Harris,LB,"exact name, slot agrees",1.000
4for4_idp,db:Joey Porter Jr.|PIT,Joey Porter Jr.,PIT,CB,DB,4426506,Joey Porter Jr.,CB,"exact name, slot agrees",1.000
4for4_idp,dl:John Franklin-Myers|TEN,John Franklin-Myers,TEN,DT,DL,3120464,John Franklin-Myers,DE,"exact name, slot agrees",1.000
4for4_idp,dl:John Jenkins|BAL,John Jenkins,BAL,DT,DL,15846,John Jenkins,DT,"exact name, slot agrees",1.000
4for4_idp,dl:John Ridgeway|NO,John Ridgeway,NO,DT,DL,4248047,John Ridgeway III,DT,"exact name, slot agrees",1.000
4for4_idp,db:Johnathan Baldwin|GB,Johnathan Baldwin,GB,S,DB,4709980,Johnathan Baldwin II,S,"exact name, slot agrees",1.000
4for4_idp,db:Johnathan Edwards|IND,Johnathan Edwards,IND,CB,DB,4695991,Johnathan Edwards,CB,"exact name, slot agrees",1.000
4for4_idp,dl:Jonah Elliss|DEN,Jonah Elliss,DEN,DE,DL,4687592,Jonah Elliss,DE,"exact name, slot agrees",1.000
4for4_idp,dl:Jonah Laulu|LV,Jonah Laulu,LV,DT,DL,4373956,Jonah Laulu,DT,"exact name, slot agrees",1.000
4for4_idp,dl:Jonah Williams|ARI,Jonah Williams,ARI,DE,DL,4032481,Jonah Williams,DT,"exact name, slot agrees",1.000
4for4_idp,db:Jonas Sanker|NO,Jonas Sanker,NO,S,DB,4683813,Jonas Sanker,S,"exact name, slot agrees",1.000
4for4_idp,dl:Jonathan Allen|CIN,Jonathan Allen,CIN,DT,DL,3054840,Jonathan Allen,DT,"exact name, slot agrees",1.000
4for4_idp,dl:Jonathan Bullard|DAL,Jonathan Bullard,DAL,DE,DL,2980097,Jonathan Bullard,DT,"exact name, slot agrees",1.000
4for4_idp,dl:Jonathan Ford|GB,Jonathan Ford,GB,DT,DL,4259762,Jonathan Ford,DT,"exact name, slot agrees",1.000
4for4_idp,dl:Jonathan Greenard|PHI,Jonathan Greenard,PHI,DE,DL,3916409,Jonathan Greenard,DE,"exact name, slot agrees",1.000
4for4_idp,db:Jonathan Jones|PHI,Jonathan Jones,PHI,CB,DB,2971027,Jonathan Jones,CB,"exact name, slot agrees",1.000
4for4_idp,db:Jonathan Owens|IND,Jonathan Owens,IND,S,DB,4331768,Jonathan Owens,S,"exact name, slot agrees",1.000
4for4_idp,dl:Jonathon Cooper|DEN,Jonathon Cooper,DEN,DE,DL,4040608,Jonathon Cooper,DE,"exact name, slot agrees",1.000
4for4_idp,db:Jordan Battle|CIN,Jordan Battle,CIN,S,DB,4567098,Jordan Battle,S,"exact name, slot agrees",1.000
4for4_idp,dl:Jordan Burch|ARI,Jordan Burch,ARI,DE,DL,4428996,Jordan Burch,DE,"exact name, slot agrees",1.000
4for4_idp,db:Jordan Clark|NYJ,Jordan Clark,NYJ,CB,DB,4429411,Jordan Clark,CB,"exact name, slot agrees",1.000
4for4_idp,dl:Jordan Davis|PHI,Jordan Davis,PHI,DT,DL,4381558,Jordan Davis,DT,"exact name, slot agrees",1.000
4for4_idp,dl:Jordan Elliott|TEN,Jordan Elliott,TEN,DT,DL,4039052,Jordan Elliott,DT,"exact name, slot agrees",1.000
4for4_idp,db:Jordan Hancock|BUF,Jordan Hancock,BUF,S,DB,4596480,Jordan Hancock,S,"exact name, slot agrees",1.000
4for4_idp,db:Jordan Howden|NO,Jordan Howden,NO,S,DB,4360949,Jordan Howden,S,"exact name, slot agrees",1.000
4for4_idp,dl:Jordan Jackson|DEN,Jordan Jackson,DEN,DE,DL,4261090,Jordan Jackson,DT,"exact name, slot agrees",1.000
4for4_idp,lb:Jordan Magee|WAS,Jordan Magee,WAS,LB,LB,4568617,Jordan Magee,LB,"exact name, slot agrees",1.000
4for4_idp,dl:Jordan Phillips|MIA,Jordan Phillips,MIA,DT,DL,4837188,Jordan Phillips,DT,hand_reviewed,
4for4_idp,lb:Jordan Turner|DEN,Jordan Turner,DEN,LB,LB,4693373,Jordan Turner,LB,"exact name, slot agrees",1.000
4for4_idp,dl:Jordan van den Berg|CHI,Jordan van den Berg,CHI,DT,DL,4875381,Jordan van den Berg,DT,"exact name, slot agrees",1.000
4for4_idp,dl:Jordon Riley|GB,Jordon Riley,GB,DT,DL,4240677,Jordon Riley,DT,"exact name, slot agrees",1.000
4for4_idp,lb:Jordyn Brooks|MIA,Jordyn Brooks,MIA,LB,LB,4043130,Jordyn Brooks,LB,"exact name, slot agrees",1.000
4for4_idp,dl:Josaiah Stewart|LAR,Josaiah Stewart,LAR,DE,DL,4682983,Josaiah Stewart,DE,"exact name, slot agrees",1.000
4for4_idp,dl:Joseph Ossai|NYJ,Joseph Ossai,NYJ,DE,DL,4362094,Joseph Ossai,DE,"exact name, slot agrees",1.000
4for4_idp,db:Josh Blackwell|CHI,Josh Blackwell,CHI,CB,DB,4240459,Josh Blackwell,CB,"exact name, slot agrees",1.000
4for4_idp,db:Josh Butler|DAL,Josh Butler,DAL,CB,DB,3929814,Josh Butler,CB,"exact name, slot agrees",1.000
4for4_idp,db:Josh Hayes|TB,Josh Hayes,TB,CB,DB,4248533,Josh Hayes,CB,"exact name, slot agrees",1.000
4for4_idp,dl:Josh Hines-Allen|JAX,Josh Hines-Allen,JAX,DE,DL,3915239,Josh Hines-Allen,DE,"exact name, slot agrees",1.000
4for4_idp,db:Josh Jobe|SEA,Josh Jobe,SEA,CB,DB,4372020,Josh Jobe,CB,"exact name, slot agrees",1.000
4for4_idp,db:Josh Metellus|MIN,Josh Metellus,MIN,S,DB,4046537,Joshua Metellus,S,hand_reviewed,
4for4_idp,db:Josh Newton|CIN,Josh Newton,CIN,CB,DB,4365319,Josh Newton,CB,"exact name, slot agrees",1.000
4for4_idp,dl:Josh Sweat|ARI,Josh Sweat,ARI,DE,DL,3693166,Josh Sweat,DE,"exact name, slot agrees",1.000
4for4_idp,dl:Josh Uche|MIA,Josh Uche,MIA,DE,DL,4046528,Josh Uche,DE,"exact name, slot agrees",1.000
4for4_idp,db:Josh Wallace|LAR,Josh Wallace,LAR,CB,DB,4572371,Josh Wallace,CB,"exact name, slot agrees",1.000
4for4_idp,dl:Joshua Farmer|NE,Joshua Farmer,NE,DE,DL,4611993,Joshua Farmer,DT,"exact name, slot agrees",1.000
4for4_idp,dl:Joshua Josephs|WAS,Joshua Josephs,WAS,DE,DL,5081392,Joshua Josephs,DE,"exact name, slot agrees",1.000
4for4_idp,db:Joshua Williams|TEN,Joshua Williams,TEN,CB,DB,4917635,Joshua Williams,CB,"exact name, slot agrees",1.000
4for4_idp,lb:Josiah Trotter|TB,Josiah Trotter,TB,LB,LB,4870998,Josiah Trotter,LB,"exact name, slot agrees",1.000
4for4_idp,db:Jourdan Lewis|JAX,Jourdan Lewis,JAX,CB,DB,3045207,Jourdan Lewis,CB,"exact name, slot agrees",1.000
4for4_idp,dl:Jowon Briggs|NYJ,Jowon Briggs,NYJ,DE,DL,4426676,Jowon Briggs,DT,"exact name, slot agrees",1.000
4for4_idp,db:JuJu Brents|MIA,JuJu Brents,MIA,CB,DB,4360488,JuJu Brents,CB,"exact name, slot agrees",1.000
4for4_idp,db:Juanyeh Thomas|IND,Juanyeh Thomas,IND,S,DB,4360590,Juanyeh Thomas,S,"exact name, slot agrees",1.000
4for4_idp,db:Julian Blackmon|NO,Julian Blackmon,NO,S,DB,4035661,Julian Blackmon,S,"exact name, slot agrees",1.000
4for4_idp,db:Julian Love|SEA,Julian Love,SEA,S,DB,4046675,Julian Love,S,"exact name, slot agrees",1.000
4for4_idp,db:Julian Neal|SEA,Julian Neal,SEA,CB,DB,4684543,Julian Neal,CB,"exact name, slot agrees",1.000
4for4_idp,dl:Julian Okwara|CLE,Julian Okwara,CLE,DE,DL,4046690,Julian Okwara,DE,"exact name, slot agrees",1.000
4for4_idp,lb:Junior Colson|LAC,Junior Colson,LAC,LB,LB,4431212,Junior Colson,LB,"exact name, slot agrees",1.000
4for4_idp,dl:Justin Eboigbe|LAC,Justin Eboigbe,LAC,DT,DL,4567138,Justin Eboigbe,DT,"exact name, slot agrees",1.000
4for4_idp,lb:Justin Jefferson|CLE,Justin Jefferson,CLE,LB,LB,5150249,Justin Jefferson,LB,hand_reviewed,
4for4_idp,db:Justin Reid|NO,Justin Reid,NO,S,DB,3931399,Justin Reid,S,"exact name, slot agrees",1.000
4for4_idp,lb:Justin Strnad|DEN,Justin Strnad,DEN,LB,LB,3919548,Justin Strnad,LB,"exact name, slot agrees",1.000
4for4_idp,db:Justin Walley|IND,Justin Walley,IND,CB,DB,4682909,Justin Walley,CB,"exact name, slot agrees",1.000
4for4_idp,dl:K'Lavon Chaisson|WAS,K'Lavon Chaisson,WAS,DE,DL,4242205,K'Lavon Chaisson,DE,"exact name, slot agrees",1.000
4for4_idp,lb:K.J. Britt|NE,K.J. Britt,NE,LB,LB,4242521,K.J. Britt,LB,"exact name, slot agrees",1.000
4for4_idp,lb:Kaden Elliss|NO,Kaden Elliss,NO,LB,LB,3124890,Kaden Elliss,LB,"exact name, slot agrees",1.000
4for4_idp,db:Kader Kohou|KC,Kader Kohou,KC,CB,DB,4291489,Kader Kohou,CB,"exact name, slot agrees",1.000
4for4_idp,db:Kaevon Merriweather|HOU,Kaevon Merriweather,HOU,S,DB,4360502,Kaevon Merriweather,S,"exact name, slot agrees",1.000
4for4_idp,db:Kahlef Hailassie|MIN,Kahlef Hailassie,MIN,CB,DB,4373814,Kahlef Hailassie,CB,"exact name, slot agrees",1.000
4for4_idp,db:Kaiir Elam|KC,Kaiir Elam,KC,CB,DB,4567399,Kaiir Elam,CB,"exact name, slot agrees",1.000
4for4_idp,lb:Kaleb Elarms-Orr|BUF,Kaleb Elarms-Orr,BUF,LB,LB,4594321,Kaleb Elarms-Orr,LB,"exact name, slot agrees",1.000
4for4_idp,dl:Kaleb Proctor|ARI,Kaleb Proctor,ARI,DE,DL,5084514,Kaleb Proctor,DT,"exact name, slot agrees",1.000
4for4_idp,dl:Kalia Davis|CLE,Kalia Davis,CLE,DT,DL,4243541,Kalia Davis,DT,"exact name, slot agrees",1.000
4for4_idp,db:Kamal Hadden|GB,Kamal Hadden,GB,CB,DB,4427356,Kamal Hadden,CB,"exact name, slot agrees",1.000
4for4_idp,db:Kamari Lassiter|HOU,Kamari Lassiter,HOU,CB,DB,4602699,Kamari Lassiter,CB,"exact name, slot agrees",1.000
4for4_idp,db:Kamari Ramsey|HOU,Kamari Ramsey,HOU,CB,DB,4685518,Kamari Ramsey,S,"exact name, slot agrees",1.000
4for4_idp,db:Kamren Curl|LAR,Kamren Curl,LAR,S,DB,4242154,Kam Curl,S,hand_reviewed,
4for4_idp,db:Kamren Kinchens|LAR,Kamren Kinchens,LAR,S,DB,4596363,Kamren Kinchens,S,"exact name, slot agrees",1.000
4for4_idp,lb:Karene Reid|DEN,Karene Reid,DEN,LB,LB,4875336,Karene Reid,LB,"exact name, slot agrees",1.000
4for4_idp,dl:Karl Brooks|GB,Karl Brooks,GB,DT,DL,4373423,Karl Brooks,DT,"exact name, slot agrees",1.000
4for4_idp,db:Karon Prunty|NE,Karon Prunty,NE,CB,DB,4606666,Karon Prunty,CB,"exact name, slot agrees",1.000
4for4_idp,dl:Kayden McDonald|HOU,Kayden McDonald,HOU,DT,DL,4870893,Kayden McDonald,DT,"exact name, slot agrees",1.000
4for4_idp,dl:Kayvon Thibodeaux|NYG,Kayvon Thibodeaux,NYG,DE,DL,4426326,Kayvon Thibodeaux,DE,"exact name, slot agrees",1.000
4for4_idp,dl:Keeanu Benton|PIT,Keeanu Benton,PIT,DT,DL,4426694,Keeanu Benton,DT,"exact name, slot agrees",1.000
4for4_idp,db:Kei'Trel Clark|ARI,Kei'Trel Clark,ARI,CB,DB,4426923,Kei'Trel Clark,CB,"exact name, slot agrees",1.000
4for4_idp,db:Keidron Smith|ATL,Keidron Smith,ATL,S,DB,4372418,Keidron Smith,S,"exact name, slot agrees",1.000
4for4_idp,dl:Keion White|SF,Keion White,SF,DE,DL,4243493,Keion White,DE,"exact name, slot agrees",1.000
4for4_idp,db:Keionte Scott|TB,Keionte Scott,TB,S,DB,5093694,Keionte Scott,CB,"exact name, slot agrees",1.000
4for4_idp,db:Keisean Nixon|GB,Keisean Nixon,GB,CB,DB,4259493,Keisean Nixon,CB,"exact name, slot agrees",1.000
4for4_idp,db:Keith Abney II|DET,Keith Abney II,DET,CB,DB,5093004,Keith Abney II,CB,"exact name, slot agrees",1.000
4for4_idp,dl:Keldric Faulk|TEN,Keldric Faulk,TEN,DE,DL,4870707,Keldric Faulk,DE,"exact name, slot agrees",1.000
4for4_idp,db:Kelee Ringo|PHI,Kelee Ringo,PHI,CB,DB,4428992,Kelee Ringo,CB,"exact name, slot agrees",1.000
4for4_idp,db:Kemon Hall|TB,Kemon Hall,TB,CB,DB,4243831,Kemon Hall,CB,"exact name, slot agrees",1.000
4for4_idp,lb:Kendal Daniels|ATL,Kendal Daniels,ATL,LB,LB,4595343,Kendal Daniels,LB,"exact name, slot agrees",1.000
4for4_idp,db:Kendall Williamson|LAC,Kendall Williamson,LAC,S,DB,4360745,Kendall Williamson,S,"exact name, slot agrees",1.000
4for4_idp,db:Kendell Brooks|TEN,Kendell Brooks,TEN,S,DB,4585317,Kendell Brooks,S,"exact name, slot agrees",1.000
4for4_idp,dl:Kenneth Grant|MIA,Kenneth Grant,MIA,DT,DL,4894654,Kenneth Grant,DT,"exact name, slot agrees",1.000
4for4_idp,dl:Kenny Clark|DAL,Kenny Clark,DAL,DT,DL,3122752,Kenny Clark,DT,"exact name, slot agrees",1.000
4for4_idp,dl:Kentavius Street|CHI,Kentavius Street,CHI,DT,DL,3116726,Kentavius Street,DT,"exact name, slot agrees",1.000
4for4_idp,db:Keondre Jackson|BAL,Keondre Jackson,BAL,S,DB,4878287,Keondre Jackson,S,"exact name, slot agrees",1.000
4for4_idp,lb:Keonta Jenkins|BUF,Keonta Jenkins,BUF,LB,LB,4577066,Keonta Jenkins,LB,"exact name, slot agrees",1.000
4for4_idp,db:Kerby Joseph|DET,Kerby Joseph,DET,S,DB,4360383,Kerby Joseph,S,"exact name, slot agrees",1.000
4for4_idp,db:Kevin Byard|NE,Kevin Byard,NE,S,DB,2574056,Kevin Byard,S,"exact name, slot agrees",1.000
4for4_idp,db:Kevin Knowles|KC,Kevin Knowles,KC,CB,DB,4602648,Kevin Knowles,CB,"exact name, slot agrees",1.000
4for4_idp,db:Kevin Winston|TEN,Kevin Winston,TEN,S,DB,4685617,Kevin Winston Jr.,S,"exact name, slot agrees",1.000
4for4_idp,db:Keyon Martin|BAL,Keyon Martin,BAL,CB,DB,4694334,Keyon Martin,CB,"exact name, slot agrees",1.000
4for4_idp,dl:Keyron Crawford|LV,Keyron Crawford,LV,DE,DL,4911904,Keyron Crawford,DE,"exact name, slot agrees",1.000
4for4_idp,db:Khalil Dorsey|DET,Khalil Dorsey,DET,CB,DB,4027919,Khalil Dorsey,CB,"exact name, slot agrees",1.000
4for4_idp,dl:Khalil Mack|LAC,Khalil Mack,LAC,DE,DL,16710,Khalil Mack,DE,"exact name, slot agrees",1.000
4for4_idp,dl:Khyiris Tonga|KC,Khyiris Tonga,KC,DT,DL,4256074,Khyiris Tonga,DT,"exact name, slot agrees",1.000
4for4_idp,db:Kindle Vildor|NE,Kindle Vildor,NE,CB,DB,4036651,Kindle Vildor,CB,"exact name, slot agrees",1.000
4for4_idp,dl:Kingsley Enagbare|NYJ,Kingsley Enagbare,NYJ,DE,DL,4362840,Kingsley Enagbare,DE,"exact name, slot agrees",1.000
4for4_idp,db:Kitan Crawford|ARI,Kitan Crawford,ARI,S,DB,4430821,Kitan Crawford,S,"exact name, slot agrees",1.000
4for4_idp,db:Kitan Oladapo|GB,Kitan Oladapo,GB,S,DB,4374037,Kitan Oladapo,S,"exact name, slot agrees",1.000
4for4_idp,dl:Kobie Turner|LAR,Kobie Turner,LAR,DT,DL,4250621,Kobie Turner,DT,"exact name, slot agrees",1.000
4for4_idp,db:Kool-Aid McKinstry|NO,Kool-Aid McKinstry,NO,CB,DB,4433975,Kool-Aid McKinstry,CB,"exact name, slot agrees",1.000
4for4_idp,db:Korie Black|NYG,Korie Black,NYG,CB,DB,4429281,Korie Black,CB,"exact name, slot agrees",1.000
4for4_idp,db:Kris Abrams-Draine|DEN,Kris Abrams-Draine,DEN,CB,DB,4429193,Kris Abrams-Draine,CB,"exact name, slot agrees",1.000
4for4_idp,dl:Kris Jenkins|CIN,Kris Jenkins,CIN,DT,DL,4432301,Kris Jenkins Jr.,DT,"exact name, slot agrees",1.000
4for4_idp,db:Kristian Fulton|KC,Kristian Fulton,KC,CB,DB,4035433,Kristian Fulton,CB,"exact name, slot agrees",1.000
4for4_idp,dl:Kwity Paye|LV,Kwity Paye,LV,DE,DL,4258194,Kwity Paye,DE,"exact name, slot agrees",1.000
4for4_idp,db:Kyle Dugger|CIN,Kyle Dugger,CIN,S,DB,4401811,Kyle Dugger,S,"exact name, slot agrees",1.000
4for4_idp,db:Kyle Hamilton|BAL,Kyle Hamilton,BAL,S,DB,4575517,Kyle Hamilton,S,"exact name, slot agrees",1.000
4for4_idp,dl:Kyle Kennard|LAC,Kyle Kennard,LAC,DE,DL,4432333,Kyle Kennard,DE,"exact name, slot agrees",1.000
4for4_idp,lb:Kyle Louis|MIA,Kyle Louis,MIA,LB,LB,4880273,Kyle Louis,LB,"exact name, slot agrees",1.000
4for4_idp,db:Kyler Gordon|CHI,Kyler Gordon,CHI,CB,DB,4361093,Kyler Gordon,CB,"exact name, slot agrees",1.000
4for4_idp,db:L'Jarius Sneed|KC,L'Jarius Sneed,KC,CB,DB,4040432,L'Jarius Sneed,CB,"exact name, slot agrees",1.000
4for4_idp,dl:L.J. Collier|ARI,L.J. Collier,ARI,DE,DL,3116449,L.J. Collier,DT,"exact name, slot agrees",1.000
4for4_idp,dl:LT Overton|DAL,LT Overton,DAL,DT,DL,4870960,LT Overton,DE,"exact name, slot agrees",1.000
4for4_idp,dl:LaBryan Ray|CAR,LaBryan Ray,CAR,DE,DL,4241473,LaBryan Ray,DT,"exact name, slot agrees",1.000
4for4_idp,dl:LaCale London|ATL,LaCale London,ATL,DT,DL,4376288,LaCale London,DT,"exact name, slot agrees",1.000
4for4_idp,dl:Laiatu Latu|IND,Laiatu Latu,IND,DE,DL,4426473,Laiatu Latu,DE,"exact name, slot agrees",1.000
4for4_idp,dl:Landon Jackson|BUF,Landon Jackson,BUF,DE,DL,4432715,Landon Jackson,DT,"exact name, slot agrees",1.000
4for4_idp,dl:Larrell Murchison|LAR,Larrell Murchison,LAR,DT,DL,4240123,Larrell Murchison,DT,"exact name, slot agrees",1.000
4for4_idp,db:Lathan Ransom|CAR,Lathan Ransom,CAR,S,DB,4429110,Lathan Ransom,S,"exact name, slot agrees",1.000
4for4_idp,dl:Lee Hunter|CAR,Lee Hunter,CAR,DT,DL,4431551,Lee Hunter,DT,"exact name, slot agrees",1.000
4for4_idp,dl:Leki Fotu|NYG,Leki Fotu,NYG,DT,DL,4035666,Leki Fotu,DT,"exact name, slot agrees",1.000
4for4_idp,lb:Leo Chenal|WAS,Leo Chenal,WAS,LB,LB,4426901,Leo Chenal,LB,"exact name, slot agrees",1.000
4for4_idp,dl:Leonard Taylor|NE,Leonard Taylor,NE,DE,DL,4431598,Leonard Taylor III,DT,"exact name, slot agrees",1.000
4for4_idp,dl:Leonard Williams|SEA,Leonard Williams,SEA,DT,DL,2971622,Leonard Williams,DT,"exact name, slot agrees",1.000
4for4_idp,dl:Levi Drake Rodriguez|MIN,Levi Drake Rodriguez,MIN,DT,DL,5093973,Levi Drake Rodriguez,DT,"exact name, slot agrees",1.000
4for4_idp,dl:Levi Onwuzurike|DET,Levi Onwuzurike,DET,DT,DL,4039020,Levi Onwuzurike,DT,"exact name, slot agrees",1.000
4for4_idp,dl:Logan Hall|HOU,Logan Hall,HOU,DT,DL,4360189,Logan Hall,DT,"exact name, slot agrees",1.000
4for4_idp,dl:Logan Lee|PIT,Logan Lee,PIT,DT,DL,4569474,Logan Lee,DT,"exact name, slot agrees",1.000
4for4_idp,db:Lonnie Johnson Jr.|MIA,Lonnie Johnson Jr.,MIA,S,DB,4240780,Lonnie Johnson Jr.,S,"exact name, slot agrees",1.000
4for4_idp,db:Loren Strickland|DET,Loren Strickland,DET,S,DB,4917439,Loren Strickland,S,"exact name, slot agrees",1.000
4for4_idp,db:Lorenzo Styles Jr.|NO,Lorenzo Styles Jr.,NO,CB,DB,4432768,Lorenzo Styles Jr.,S,"exact name, slot agrees",1.000
4for4_idp,dl:Lukas Van Ness|GB,Lukas Van Ness,GB,DE,DL,4686906,Lukas Van Ness,DE,"exact name, slot agrees",1.000
4for4_idp,lb:Luke Gifford|SF,Luke Gifford,SF,LB,LB,3116097,Luke Gifford,LB,"exact name, slot agrees",1.000
4for4_idp,db:M.J. Stewart|HOU,M.J. Stewart,HOU,S,DB,3116679,M.J. Stewart,S,"exact name, slot agrees",1.000
4for4_idp,dl:Maason Smith|ATL,Maason Smith,ATL,DT,DL,4431567,Maason Smith,DT,"exact name, slot agrees",1.000
4for4_idp,lb:Mack Wilson|ARI,Mack Wilson,ARI,LB,LB,4040983,Mack Wilson Sr.,LB,"exact name, slot agrees",1.000
4for4_idp,dl:Malachi Lawrence|DAL,Malachi Lawrence,DAL,DE,DL,4710067,Malachi Lawrence,DE,"exact name, slot agrees",1.000
4for4_idp,db:Malachi Moore|NYJ,Malachi Moore,NYJ,S,DB,4692024,Malachi Moore,S,"exact name, slot agrees",1.000
4for4_idp,db:Malaki Starks|BAL,Malaki Starks,BAL,S,DB,4685530,Malaki Starks,S,"exact name, slot agrees",1.000
4for4_idp,dl:Malcolm Koonce|LV,Malcolm Koonce,LV,DE,DL,4239719,Malcolm Koonce,DE,"exact name, slot agrees",1.000
4for4_idp,dl:Malcolm Roach|DEN,Malcolm Roach,DEN,DT,DL,4039064,Malcolm Roach,DT,"exact name, slot agrees",1.000
4for4_idp,lb:Malcolm Rodriguez|DET,Malcolm Rodriguez,DET,LB,LB,4241411,Malcolm Rodriguez,LB,"exact name, slot agrees",1.000
4for4_idp,dl:Maliek Collins|CLE,Maliek Collins,CLE,DT,DL,3040471,Maliek Collins,DT,"exact name, slot agrees",1.000
4for4_idp,lb:Malik Harrison|PIT,Malik Harrison,PIT,LB,LB,4040615,Malik Harrison,LB,"exact name, slot agrees",1.000
4for4_idp,db:Malik Hooker|DAL,Malik Hooker,DAL,S,DB,3121415,Malik Hooker,S,"exact name, slot agrees",1.000
4for4_idp,db:Malik Muhammad|CHI,Malik Muhammad,CHI,CB,DB,4870953,Malik Muhammad,CB,"exact name, slot agrees",1.000
4for4_idp,db:Malik Mustapha|SF,Malik Mustapha,SF,S,DB,4696211,Malik Mustapha,S,"exact name, slot agrees",1.000
4for4_idp,db:Mansoor Delane|KC,Mansoor Delane,KC,CB,DB,4880124,Mansoor Delane,CB,"exact name, slot agrees",1.000
4for4_idp,lb:Marcelino McCrary-Ball|NYJ,Marcelino McCrary-Ball,NYJ,LB,LB,4045299,Marcelino McCrary-Ball,LB,"exact name, slot agrees",1.000
4for4_idp,db:Marco Wilson|MIA,Marco Wilson,MIA,CB,DB,4240595,Marco Wilson,CB,"exact name, slot agrees",1.000
4for4_idp,dl:Marcus Davenport|CHI,Marcus Davenport,CHI,DE,DL,3124058,Marcus Davenport,DE,"exact name, slot agrees",1.000
4for4_idp,db:Marcus Epps|PHI,Marcus Epps,PHI,S,DB,3139368,Marcus Epps,S,"exact name, slot agrees",1.000
4for4_idp,db:Marcus Harris|TEN,Marcus Harris,TEN,CB,DB,4570469,Marcus Harris,CB,hand_reviewed,
4for4_idp,db:Marcus Jones|NE,Marcus Jones,NE,CB,DB,4241720,Marcus Jones,CB,"exact name, slot agrees",1.000
4for4_idp,lb:Marist Liufau|DAL,Marist Liufau,DAL,LB,LB,4427816,Marist Liufau,DE,hand_reviewed,
4for4_idp,db:Markquese Bell|DAL,Markquese Bell,DAL,S,DB,4241921,Markquese Bell,S,"exact name, slot agrees",1.000
4for4_idp,db:Marlon Humphrey|BAL,Marlon Humphrey,BAL,CB,DB,3126356,Marlon Humphrey,CB,"exact name, slot agrees",1.000
4for4_idp,lb:Marlowe Wax|LAC,Marlowe Wax,LAC,LB,LB,4431467,Marlowe Wax,LB,"exact name, slot agrees",1.000
4for4_idp,db:Marques Sigle|SF,Marques Sigle,SF,S,DB,4693337,Marques Sigle,S,"exact name, slot agrees",1.000
4for4_idp,lb:Marte Mapu|HOU,Marte Mapu,HOU,LB,LB,4248899,Marte Mapu,LB,"exact name, slot agrees",1.000
4for4_idp,db:Martin Emerson Jr.|NO,Martin Emerson Jr.,NO,CB,DB,4429568,Martin Emerson Jr.,CB,"exact name, slot agrees",1.000
4for4_idp,dl:Mason Graham|CLE,Mason Graham,CLE,DT,DL,4873232,Mason Graham,DT,"exact name, slot agrees",1.000
4for4_idp,dl:Matt Dickerson|JAX,Matt Dickerson,JAX,DT,DL,3134316,Matt Dickerson,DT,"exact name, slot agrees",1.000
4for4_idp,dl:Matthew Butler|MIA,Matthew Butler,MIA,DT,DL,4242457,Matthew Butler,DT,"exact name, slot agrees",1.000
4for4_idp,db:Max Melton|ARI,Max Melton,ARI,CB,DB,4698113,Max Melton,CB,"exact name, slot agrees",1.000
4for4_idp,db:Maxwell Hairston|BUF,Maxwell Hairston,BUF,CB,DB,4688931,Maxwell Hairston,CB,"exact name, slot agrees",1.000
4for4_idp,dl:Maxx Crosby|LV,Maxx Crosby,LV,DE,DL,3916655,Maxx Crosby,DE,"exact name, slot agrees",1.000
4for4_idp,dl:Mazi Smith|NYJ,Mazi Smith,NYJ,DT,DL,4426347,Mazi Smith,DT,"exact name, slot agrees",1.000
4for4_idp,dl:McKinnley Jackson|CIN,McKinnley Jackson,CIN,DT,DL,4692680,McKinnley Jackson,DT,"exact name, slot agrees",1.000
4for4_idp,db:Mekhi Blackmon|IND,Mekhi Blackmon,IND,CB,DB,4360677,Mekhi Blackmon,CB,"exact name, slot agrees",1.000
4for4_idp,dl:Mekhi Wingo|DET,Mekhi Wingo,DET,DT,DL,4586333,Mekhi Wingo,DT,"exact name, slot agrees",1.000
4for4_idp,lb:Micah McFadden|NYG,Micah McFadden,NYG,LB,LB,4371961,Micah McFadden,LB,"exact name, slot agrees",1.000
4for4_idp,dl:Micah Parsons|GB,Micah Parsons,GB,DE,DL,4361423,Micah Parsons,DE,"exact name, slot agrees",1.000
4for4_idp,db:Micah Robinson|TEN,Micah Robinson,TEN,CB,DB,4695280,Micah Robinson,CB,"exact name, slot agrees",1.000
4for4_idp,db:Michael Carter II|PHI,Michael Carter II,PHI,S,DB,4240456,Michael Carter II,CB,hand_reviewed,
4for4_idp,dl:Michael Hall|CLE,Michael Hall,CLE,DT,DL,4600415,Mike Hall Jr.,DT,hand_reviewed,
4for4_idp,dl:Michael Hoecht|BUF,Michael Hoecht,BUF,DE,DL,4033234,Michael Hoecht,DE,"exact name, slot agrees",1.000
4for4_idp,db:Michael Jackson|CAR,Michael Jackson,CAR,CB,DB,3917853,Mike Jackson,CB,hand_reviewed,
4for4_idp,db:Michael Taaffe|MIA,Michael Taaffe,MIA,S,DB,4880346,Michael Taaffe,S,"exact name, slot agrees",1.000
4for4_idp,dl:Micheal Clemons|IND,Micheal Clemons,IND,DE,DL,4240896,Micheal Clemons,DE,"exact name, slot agrees",1.000
4for4_idp,dl:Mike Green|BAL,Mike Green,BAL,DE,DL,4683188,Mike Green,DE,"exact name, slot agrees",1.000
4for4_idp,db:Mike Hughes|ATL,Mike Hughes,ATL,CB,DB,3895841,Mike Hughes,CB,"exact name, slot agrees",1.000
4for4_idp,dl:Mike Morris|SEA,Mike Morris,SEA,DE,DL,4572055,Mike Morris,DT,"exact name, slot agrees",1.000
4for4_idp,db:Mike Sainristil|WAS,Mike Sainristil,WAS,CB,DB,4428414,Mike Sainristil,CB,"exact name, slot agrees",1.000
4for4_idp,db:Miles Battle|MIA,Miles Battle,MIA,CB,DB,4372413,Miles Battle,CB,"exact name, slot agrees",1.000
4for4_idp,db:Miles Killebrew|TB,Miles Killebrew,TB,S,DB,2575164,Miles Killebrew,S,"exact name, slot agrees",1.000
4for4_idp,dl:Milton Williams|NE,Milton Williams,NE,DT,DL,4239699,Milton Williams,DT,"exact name, slot agrees",1.000
4for4_idp,db:Minkah Fitzpatrick|NYJ,Minkah Fitzpatrick,NYJ,S,DB,3925345,Minkah Fitzpatrick,S,"exact name, slot agrees",1.000
4for4_idp,lb:Mohamoud Diabate|TEN,Mohamoud Diabate,TEN,LB,LB,4567403,Mohamoud Diabate,LB,"exact name, slot agrees",1.000
4for4_idp,db:Montaric Brown|JAX,Montaric Brown,JAX,CB,DB,4242149,Montaric Brown,CB,"exact name, slot agrees",1.000
4for4_idp,dl:Montez Sweat|CHI,Montez Sweat,CHI,DE,DL,3134690,Montez Sweat,DE,"exact name, slot agrees",1.000
4for4_idp,dl:Moro Ojomo|PHI,Moro Ojomo,PHI,DT,DL,4362116,Moro Ojomo,DT,"exact name, slot agrees",1.000
4for4_idp,lb:Mykal Walker|NYJ,Mykal Walker,NYJ,LB,LB,4243009,Mykal Walker,LB,"exact name, slot agrees",1.000
4for4_idp,dl:Mykel Williams|SF,Mykel Williams,SF,DE,DL,4685623,Mykel Williams,DE,"exact name, slot agrees",1.000
4for4_idp,db:Myles Bryant|CLE,Myles Bryant,CLE,CB,DB,4039010,Myles Bryant,CB,"exact name, slot agrees",1.000
4for4_idp,dl:Myles Garrett|LAR,Myles Garrett,LAR,DE,DL,3122132,Myles Garrett,DE,"exact name, slot agrees",1.000
4for4_idp,db:Myles Harden|CLE,Myles Harden,CLE,CB,DB,4695783,Myles Harden,CB,"exact name, slot agrees",1.000
4for4_idp,dl:Myles Murphy|CIN,Myles Murphy,CIN,DE,DL,4428985,Myles Murphy,DE,"exact name, slot agrees",1.000
4for4_idp,db:Nahshon Wright|NYJ,Nahshon Wright,NYJ,CB,DB,4570470,Nahshon Wright,CB,"exact name, slot agrees",1.000
4for4_idp,lb:Nakobe Dean|LV,Nakobe Dean,LV,LB,LB,4426340,Nakobe Dean,LB,"exact name, slot agrees",1.000
4for4_idp,lb:Namdi Obiazor|NE,Namdi Obiazor,NE,LB,LB,5085407,Namdi Obiazor,LB,"exact name, slot agrees",1.000
4for4_idp,dl:Naquan Jones|HOU,Naquan Jones,HOU,DT,DL,4046716,Naquan Jones,DT,"exact name, slot agrees",1.000
4for4_idp,db:Nate Hobbs|SF,Nate Hobbs,SF,CB,DB,4240542,Nate Hobbs,CB,"exact name, slot agrees",1.000
4for4_idp,db:Nate Wiggins|BAL,Nate Wiggins,BAL,CB,DB,4601278,Nate Wiggins,CB,"exact name, slot agrees",1.000
4for4_idp,lb:Nathan Landman|LAR,Nathan Landman,LAR,LB,LB,4243181,Nate Landman,LB,hand_reviewed,
4for4_idp,dl:Nathan Shepherd|NO,Nathan Shepherd,NO,DT,DL,4076951,Nathan Shepherd,DT,"exact name, slot agrees",1.000
4for4_idp,db:Natrone Brooks|ATL,Natrone Brooks,ATL,CB,DB,4689989,Natrone Brooks,CB,"exact name, slot agrees",1.000
4for4_idp,dl:Nazir Stackhouse|GB,Nazir Stackhouse,GB,DT,DL,4429142,Nazir Stackhouse,DT,"exact name, slot agrees",1.000
4for4_idp,db:Nehemiah Pritchett|SEA,Nehemiah Pritchett,SEA,CB,DB,4567222,Nehemiah Pritchett,CB,"exact name, slot agrees",1.000
4for4_idp,dl:Neville Gallimore|CHI,Neville Gallimore,CHI,DT,DL,3892883,Neville Gallimore,DT,"exact name, slot agrees",1.000
4for4_idp,db:Nic Jones|NYG,Nic Jones,NYG,CB,DB,4427636,Nic Jones,CB,"exact name, slot agrees",1.000
4for4_idp,dl:Nic Scourton|CAR,Nic Scourton,CAR,DE,DL,4833355,Nic Scourton,DE,"exact name, slot agrees",1.000
4for4_idp,dl:Nick Barrett|LAC,Nick Barrett,LAC,DT,DL,4682818,Nick Barrett,DT,"exact name, slot agrees",1.000
4for4_idp,lb:Nick Bolton|KC,Nick Bolton,KC,LB,LB,4362759,Nick Bolton,LB,"exact name, slot agrees",1.000
4for4_idp,dl:Nick Bosa|SF,Nick Bosa,SF,DE,DL,4040605,Nick Bosa,DE,"exact name, slot agrees",1.000
4for4_idp,db:Nick Cross|WAS,Nick Cross,WAS,S,DB,4426403,Nick Cross,S,"exact name, slot agrees",1.000
4for4_idp,db:Nick Emmanwori|SEA,Nick Emmanwori,SEA,CB,DB,4869523,Nick Emmanwori,CB,"exact name, slot agrees",1.000
4for4_idp,dl:Nick Hampton|CAR,Nick Hampton,CAR,DE,DL,4360773,Nick Hampton,DE,"exact name, slot agrees",1.000
4for4_idp,dl:Nick Herbig|PIT,Nick Herbig,PIT,DE,DL,4429164,Nick Herbig,DE,"exact name, slot agrees",1.000
4for4_idp,lb:Nick Jackson|TB,Nick Jackson,TB,LB,LB,4568492,Nick Jackson,LB,"exact name, slot agrees",1.000
4for4_idp,lb:Nick Martin|SF,Nick Martin,SF,LB,LB,4573188,Nick Martin,LB,"exact name, slot agrees",1.000
4for4_idp,db:Nick Scott|CAR,Nick Scott,CAR,S,DB,3116179,Nick Scott,S,"exact name, slot agrees",1.000
4for4_idp,db:Nick Whiteside|DET,Nick Whiteside,DET,CB,DB,5143915,Nick Whiteside,CB,"exact name, slot agrees",1.000
4for4_idp,dl:Nik Bonitto|DEN,Nik Bonitto,DEN,DE,DL,4360259,Nik Bonitto,DE,"exact name, slot agrees",1.000
4for4_idp,db:Nikko Reed|LAC,Nikko Reed,LAC,CB,DB,4691043,Nikko Reed,CB,"exact name, slot agrees",1.000
4for4_idp,dl:Nnamdi Madubuike|BAL,Nnamdi Madubuike,BAL,DT,DL,4035245,Nnamdi Madubuike,DT,"exact name, slot agrees",1.000
4for4_idp,db:Noah Igbinoghene|SEA,Noah Igbinoghene,SEA,CB,DB,4242516,Noah Igbinoghene,CB,"exact name, slot agrees",1.000
4for4_idp,lb:Noah Sewell|CHI,Noah Sewell,CHI,LB,LB,4430822,Noah Sewell,LB,"exact name, slot agrees",1.000
4for4_idp,db:Nohl Williams|KC,Nohl Williams,KC,CB,DB,4610705,Nohl Williams,CB,"exact name, slot agrees",1.000
4for4_idp,dl:Nolan Smith|PHI,Nolan Smith,PHI,DE,DL,4426331,Nolan Smith Jr.,DE,"exact name, slot agrees",1.000
4for4_idp,dl:Odafe Oweh|WAS,Odafe Oweh,WAS,DE,DL,4361422,Odafe Oweh,DE,"exact name, slot agrees",1.000
4for4_idp,dl:Oluwafemi Oladejo|TEN,Oluwafemi Oladejo,TEN,DE,DL,4876057,Oluwafemi Oladejo,DE,"exact name, slot agrees",1.000
4for4_idp,lb:Omar Speights|LAR,Omar Speights,LAR,LB,LB,4428550,Omar Speights,LB,"exact name, slot agrees",1.000
4for4_idp,dl:Omarr Norman-Lott|KC,Omarr Norman-Lott,KC,DT,DL,4591008,Omarr Norman-Lott,DT,"exact name, slot agrees",1.000
4for4_idp,lb:Oren Burks|CIN,Oren Burks,CIN,LB,LB,3051746,Oren Burks,LB,"exact name, slot agrees",1.000
4for4_idp,dl:Osa Odighizuwa|SF,Osa Odighizuwa,SF,DT,DL,4035840,Osa Odighizuwa,DT,"exact name, slot agrees",1.000
4for4_idp,dl:Otito Ogbonnia|DAL,Otito Ogbonnia,DAL,DE,DL,4367210,Otito Ogbonnia,DT,"exact name, slot agrees",1.000
4for4_idp,lb:Owen Pappoe|ARI,Owen Pappoe,ARI,LB,LB,4567219,Owen Pappoe,LB,"exact name, slot agrees",1.000
4for4_idp,db:P.J. Locke|DAL,P.J. Locke,DAL,S,DB,3929850,P.J. Locke,S,"exact name, slot agrees",1.000
4for4_idp,dl:PJ Mustipher|ARI,PJ Mustipher,ARI,DT,DL,4361421,PJ Mustipher,DT,"exact name, slot agrees",1.000
4for4_idp,dl:Patrick Jones II|CAR,Patrick Jones II,CAR,DE,DL,4036063,Patrick Jones II,DE,"exact name, slot agrees",1.000
4for4_idp,lb:Patrick O'Connell|SEA,Patrick O'Connell,SEA,LB,LB,4364623,Patrick O'Connell,LB,"exact name, slot agrees",1.000
4for4_idp,lb:Patrick Queen|PIT,Patrick Queen,PIT,LB,LB,4242207,Patrick Queen,LB,"exact name, slot agrees",1.000
4for4_idp,db:Patrick Surtain II|DEN,Patrick Surtain II,DEN,CB,DB,4372012,Pat Surtain II,CB,hand_reviewed,
4for4_idp,db:Paulson Adebo|NYG,Paulson Adebo,NYG,CB,DB,4242547,Paulson Adebo,CB,"exact name, slot agrees",1.000
4for4_idp,dl:Payton Page|NYJ,Payton Page,NYJ,DT,DL,4431582,Payton Page,DT,"exact name, slot agrees",1.000
4for4_idp,dl:Payton Turner|DET,Payton Turner,DET,DE,DL,4240269,Payton Turner,DE,"exact name, slot agrees",1.000
4for4_idp,lb:Payton Wilson|PIT,Payton Wilson,PIT,LB,LB,4361652,Payton Wilson,LB,"exact name, slot agrees",1.000
4for4_idp,db:Percy Butler|WAS,Percy Butler,WAS,S,DB,4363097,Percy Butler,CB,"exact name, slot agrees",1.000
4for4_idp,lb:Pete Werner|NO,Pete Werner,NO,LB,LB,4241993,Pete Werner,LB,"exact name, slot agrees",1.000
4for4_idp,dl:Peter Woods|KC,Peter Woods,KC,DT,DL,4871063,Peter Woods,DT,"exact name, slot agrees",1.000
4for4_idp,dl:Phidarian Mathis|BUF,Phidarian Mathis,BUF,DT,DL,4241468,Phidarian Mathis,DT,"exact name, slot agrees",1.000
4for4_idp,dl:Poona Ford|LAR,Poona Ford,LAR,DT,DL,3125114,Poona Ford,DT,"exact name, slot agrees",1.000
4for4_idp,dl:Princely Umanmielen|CAR,Princely Umanmielen,CAR,DE,DL,4429166,Princely Umanmielen,DE,"exact name, slot agrees",1.000
4for4_idp,db:Quan Martin|WAS,Quan Martin,WAS,S,DB,4360378,Quan Martin,S,"exact name, slot agrees",1.000
4for4_idp,lb:Quay Walker|LV,Quay Walker,LV,LB,LB,4379416,Quay Walker,LB,"exact name, slot agrees",1.000
4for4_idp,db:Quentin Lake|LAR,Quentin Lake,LAR,CB,DB,4249128,Quentin Lake,CB,"exact name, slot agrees",1.000
4for4_idp,db:Quincy Riley|NO,Quincy Riley,NO,CB,DB,4428350,Quincy Riley,CB,"exact name, slot agrees",1.000
4for4_idp,lb:Quincy Williams|CLE,Quincy Williams,CLE,LB,LB,3110565,Quincy Williams,LB,"exact name, slot agrees",1.000
4for4_idp,dl:Quinnen Williams|DAL,Quinnen Williams,DAL,DT,DL,4040982,Quinnen Williams,DT,"exact name, slot agrees",1.000
4for4_idp,dl:Quinton Bohanna|JAX,Quinton Bohanna,JAX,DT,DL,4259978,Quinton Bohanna,DT,"exact name, slot agrees",1.000
4for4_idp,db:Quinyon Mitchell|PHI,Quinyon Mitchell,PHI,CB,DB,4686273,Quinyon Mitchell,CB,"exact name, slot agrees",1.000
4for4_idp,db:Qwan'tez Stiggers|NYJ,Qwan'tez Stiggers,NYJ,CB,DB,5208977,Qwan'tez Stiggers,CB,"exact name, slot agrees",1.000
4for4_idp,dl:R Mason Thomas|KC,R Mason Thomas,KC,DE,DL,5081927,R Mason Thomas,DE,"exact name, slot agrees",1.000
4for4_idp,db:R.J. Mickens|LAC,R.J. Mickens,LAC,S,DB,4429018,RJ Mickens,S,"exact name, slot agrees",1.000
4for4_idp,db:Raheem Layne|NYG,Raheem Layne,NYG,S,DB,4258237,Raheem Layne,S,"exact name, slot agrees",1.000
4for4_idp,dl:Rakeem Nunez-Roches|TB,Rakeem Nunez-Roches,TB,DE,DL,2575453,Rakeem Nunez-Roches,DT,"exact name, slot agrees",1.000
4for4_idp,dl:Rashan Gary|DAL,Rashan Gary,DAL,DE,DL,4046523,Rashan Gary,DE,"exact name, slot agrees",1.000
4for4_idp,db:Rasul Douglas|WAS,Rasul Douglas,WAS,CB,DB,3943270,Rasul Douglas,CB,"exact name, slot agrees",1.000
4for4_idp,db:Rayshawn Jenkins|PIT,Rayshawn Jenkins,PIT,S,DB,2969961,Rayshawn Jenkins,S,"exact name, slot agrees",1.000
4for4_idp,db:Rayuan Lane|JAX,Rayuan Lane,JAX,S,DB,4880675,Rayuan Lane III,S,"exact name, slot agrees",1.000
4for4_idp,lb:Red Murdock|DEN,Red Murdock,DEN,LB,LB,4912190,Red Murdock,LB,"exact name, slot agrees",1.000
4for4_idp,db:Reddy Steward|DAL,Reddy Steward,DAL,CB,DB,4428584,Reddy Steward,CB,"exact name, slot agrees",1.000
4for4_idp,db:Reed Blankenship|HOU,Reed Blankenship,HOU,S,DB,4243956,Reed Blankenship,S,"exact name, slot agrees",1.000
4for4_idp,db:Reese Taylor|DEN,Reese Taylor,DEN,CB,DB,4371946,,,hand_reviewed,
4for4_idp,db:Renardo Green|SF,Renardo Green,SF,CB,DB,4427325,Renardo Green,CB,"exact name, slot agrees",1.000
4for4_idp,dl:Ricky Barber|WAS,Ricky Barber,WAS,DT,DL,4428343,Ricky Barber,DT,"exact name, slot agrees",1.000
4for4_idp,db:Rico Payton|NYG,Rico Payton,NYG,CB,DB,4368350,Rico Payton,CB,"exact name, slot agrees",1.000
4for4_idp,db:Riley Moss|DEN,Riley Moss,DEN,CB,DB,4382401,Riley Moss,CB,"exact name, slot agrees",1.000
4for4_idp,db:Riq Woolen|PHI,Riq Woolen,PHI,CB,DB,4245185,Riq Woolen,CB,"exact name, slot agrees",1.000
4for4_idp,dl:Robert Beal|MIA,Robert Beal,MIA,DE,DL,4259558,Robert Beal Jr.,DE,"exact name, slot agrees",1.000
4for4_idp,db:Robert Spears-Jennings|PIT,Robert Spears-Jennings,PIT,S,DB,4820584,Robert Spears-Jennings,S,"exact name, slot agrees",1.000
4for4_idp,lb:Robert Spillane|NE,Robert Spillane,NE,LB,LB,3129446,Robert Spillane,LB,"exact name, slot agrees",1.000
4for4_idp,db:Rock Ya-Sin|DET,Rock Ya-Sin,DET,CB,DB,3910229,Rock Ya-Sin,CB,"exact name, slot agrees",1.000
4for4_idp,db:Rodney Thomas II|SEA,Rodney Thomas II,SEA,S,DB,4248455,Rodney Thomas II,S,"exact name, slot agrees",1.000
4for4_idp,db:Roger McCreary|DET,Roger McCreary,DET,CB,DB,4371973,Roger McCreary,CB,"exact name, slot agrees",1.000
4for4_idp,dl:Romello Height|SF,Romello Height,SF,DE,DL,4432244,Romello Height,DE,"exact name, slot agrees",1.000
4for4_idp,lb:Ronnie Harrison|MIA,Ronnie Harrison,MIA,LB,LB,3859006,Ronnie Harrison Jr.,LB,"exact name, slot agrees",1.000
4for4_idp,db:Ronnie Hickman|CLE,Ronnie Hickman,CLE,S,DB,4569620,Ronnie Hickman,S,"exact name, slot agrees",1.000
4for4_idp,lb:Roquan Smith|BAL,Roquan Smith,BAL,LB,LB,3915189,Roquan Smith,LB,"exact name, slot agrees",1.000
4for4_idp,dl:Roy Lopez|ARI,Roy Lopez,ARI,DT,DL,4040805,Roy Lopez,DT,"exact name, slot agrees",1.000
4for4_idp,dl:Roy Robertson-Harris|NYG,Roy Robertson-Harris,NYG,DT,DL,2574891,Roy Robertson-Harris,DT,"exact name, slot agrees",1.000
4for4_idp,lb:Ruben Hyppolite|CHI,Ruben Hyppolite,CHI,LB,LB,4429970,Ruben Hyppolite II,LB,"exact name, slot agrees",1.000
4for4_idp,dl:Rueben Bain Jr|TB,Rueben Bain Jr,TB,DE,DL,4870617,Rueben Bain Jr.,DE,"exact name, slot agrees",1.000
4for4_idp,dl:Ruke Orhorhoro|JAX,Ruke Orhorhoro,JAX,DT,DL,4430271,Ruke Orhorhoro,DT,"exact name, slot agrees",1.000
4for4_idp,dl:Rylie Mills|SEA,Rylie Mills,SEA,DT,DL,4430838,Rylie Mills,DT,"exact name, slot agrees",1.000
4for4_idp,dl:Sai'vion Jones|DEN,Sai'vion Jones,DEN,DE,DL,4603189,Sai'vion Jones,DT,"exact name, slot agrees",1.000
4for4_idp,dl:Sam Kamara|CLE,Sam Kamara,CLE,DT,DL,4033855,Sam Kamara,DT,"exact name, slot agrees",1.000
4for4_idp,dl:Sam Okuayinonu|SF,Sam Okuayinonu,SF,DE,DL,4569497,Sam Okuayinonu,DE,"exact name, slot agrees",1.000
4for4_idp,dl:Sam Roberts|NYG,Sam Roberts,NYG,DT,DL,4077786,Sam Roberts,DT,"exact name, slot agrees",1.000
4for4_idp,dl:Sam Williams|DAL,Sam Williams,DAL,DE,DL,4567242,Sam Williams,DE,"exact name, slot agrees",1.000
4for4_idp,dl:Samson Ebukam|ATL,Samson Ebukam,ATL,DE,DL,3045527,Samson Ebukam,DE,"exact name, slot agrees",1.000
4for4_idp,db:Samuel Womack|NYJ,Samuel Womack,NYJ,CB,DB,4280416,Samuel Womack III,CB,"exact name, slot agrees",1.000
4for4_idp,db:Sanoussi Kane|TEN,Sanoussi Kane,TEN,S,DB,4430118,Sanoussi Kane,S,"exact name, slot agrees",1.000
4for4_idp,db:Sauce Gardner|IND,Sauce Gardner,IND,CB,DB,4427250,Sauce Gardner,CB,"exact name, slot agrees",1.000
4for4_idp,db:Sean Murphy-Bunting|ARI,Sean Murphy-Bunting,ARI,CB,DB,3932886,Sean Murphy-Bunting,CB,"exact name, slot agrees",1.000
4for4_idp,db:Sebastian Castro|PIT,Sebastian Castro,PIT,S,DB,4426882,,,hand_reviewed,
4for4_idp,dl:Sebastian Joseph-Day|PIT,Sebastian Joseph-Day,PIT,DT,DL,3047495,Sebastian Joseph-Day,DT,"exact name, slot agrees",1.000
4for4_idp,lb:Shaka Heyward|CIN,Shaka Heyward,CIN,LB,LB,4360413,Shaka Heyward,LB,"exact name, slot agrees",1.000
4for4_idp,lb:Shaun Dolac|LAR,Shaun Dolac,LAR,LB,LB,4693848,Shaun Dolac,LB,"exact name, slot agrees",1.000
4for4_idp,db:Shavon Revel|DAL,Shavon Revel,DAL,CB,DB,5095865,Shavon Revel Jr.,CB,"exact name, slot agrees",1.000
4for4_idp,dl:Shelby Harris|NYG,Shelby Harris,NYG,DT,DL,16837,Shelby Harris,DT,"exact name, slot agrees",1.000
4for4_idp,dl:Sheldon Rankins|HOU,Sheldon Rankins,HOU,DT,DL,2970204,Sheldon Rankins,DT,"exact name, slot agrees",1.000
4for4_idp,db:Shemar Bartholomew|GB,Shemar Bartholomew,GB,CB,DB,4371336,Shemar Bartholomew,CB,"exact name, slot agrees",1.000
4for4_idp,lb:Shemar James|DAL,Shemar James,DAL,LB,LB,4685400,Shemar James,LB,"exact name, slot agrees",1.000
4for4_idp,dl:Shemar Stewart|CIN,Shemar Stewart,CIN,DE,DL,4685562,Shemar Stewart,DE,"exact name, slot agrees",1.000
4for4_idp,dl:Shemar Turner|CHI,Shemar Turner,CHI,DE,DL,4432804,Shemar Turner,DT,"exact name, slot agrees",1.000
4for4_idp,dl:Shy Tuttle|WAS,Shy Tuttle,WAS,DT,DL,3886601,Shy Tuttle,DT,"exact name, slot agrees",1.000
4for4_idp,lb:SirVocea Dennis|TB,SirVocea Dennis,TB,LB,LB,4429511,SirVocea Dennis,LB,"exact name, slot agrees",1.000
4for4_idp,lb:Smael Mondon|PHI,Smael Mondon,PHI,LB,LB,4431573,Smael Mondon Jr.,LB,"exact name, slot agrees",1.000
4for4_idp,dl:Solomon Thomas|TEN,Solomon Thomas,TEN,DT,DL,3117258,Solomon Thomas,DT,"exact name, slot agrees",1.000
4for4_idp,lb:Sonny Styles|WAS,Sonny Styles,WAS,LB,LB,5081807,Sonny Styles,LB,"exact name, slot agrees",1.000
4for4_idp,db:Starling Thomas V|ARI,Starling Thomas V,ARI,CB,DB,4363408,Starling Thomas V,CB,"exact name, slot agrees",1.000
4for4_idp,db:Storm Duck|MIA,Storm Duck,MIA,CB,DB,4427103,Storm Duck,CB,"exact name, slot agrees",1.000
4for4_idp,lb:Swayze Bozeman|CIN,Swayze Bozeman,CIN,LB,LB,4570546,Swayze Bozeman,LB,"exact name, slot agrees",1.000
4for4_idp,db:Sydney Brown|ATL,Sydney Brown,ATL,S,DB,4360386,Sydney Brown,S,"exact name, slot agrees",1.000
4for4_idp,dl:T'Vondre Sweat|NYJ,T'Vondre Sweat,NYJ,DT,DL,4428617,T'Vondre Sweat,DT,"exact name, slot agrees",1.000
4for4_idp,lb:T.J. Edwards|CHI,T.J. Edwards,CHI,LB,LB,3121544,T.J. Edwards,LB,"exact name, slot agrees",1.000
4for4_idp,dl:T.J. Parker|BUF,T.J. Parker,BUF,DE,DL,4870886,TJ Parker,DE,"exact name, slot agrees",1.000
4for4_idp,dl:T.J. Sanders|BUF,T.J. Sanders,BUF,DE,DL,4684527,T.J. Sanders,DT,"exact name, slot agrees",1.000
4for4_idp,db:T.J. Tampa|BAL,T.J. Tampa,BAL,CB,DB,4575483,T.J. Tampa,CB,"exact name, slot agrees",1.000
4for4_idp,dl:T.J. Watt|PIT,T.J. Watt,PIT,DE,DL,3045282,T.J. Watt,DE,"exact name, slot agrees",1.000
4for4_idp,dl:Ta'Quon Graham|PHI,Ta'Quon Graham,PHI,DE,DL,4262197,Ta'Quon Graham,DT,"exact name, slot agrees",1.000
4for4_idp,db:Tacario Davis|CIN,Tacario Davis,CIN,CB,DB,4726127,Tacario Davis,CB,"exact name, slot agrees",1.000
4for4_idp,db:Talanoa Hufanga|DEN,Talanoa Hufanga,DEN,S,DB,4360853,Talanoa Hufanga,S,"exact name, slot agrees",1.000
4for4_idp,db:Tanner Ingle|LAR,Tanner Ingle,LAR,S,DB,4361651,Tanner Ingle,S,"exact name, slot agrees",1.000
4for4_idp,db:Tarheeb Still|LAC,Tarheeb Still,LAC,CB,DB,4432571,Tarheeb Still,CB,"exact name, slot agrees",1.000
4for4_idp,db:Taron Johnson|LV,Taron Johnson,LV,CB,DB,3121003,Taron Johnson,CB,"exact name, slot agrees",1.000
4for4_idp,lb:Tatum Bethune|SF,Tatum Bethune,SF,LB,LB,4426698,Tatum Bethune,LB,"exact name, slot agrees",1.000
4for4_idp,lb:Taurean York|DEN,Taurean York,DEN,LB,LB,4917859,,,hand_reviewed,
4for4_idp,db:Tavierre Thomas|MIN,Tavierre Thomas,MIN,S,DB,4334405,Tavierre Thomas,S,"exact name, slot agrees",1.000
4for4_idp,dl:Tavius Robinson|BAL,Tavius Robinson,BAL,DE,DL,4690179,Tavius Robinson,DE,"exact name, slot agrees",1.000
4for4_idp,dl:TeRah Edwards|LAC,TeRah Edwards,LAC,DT,DL,4431077,,,hand_reviewed,
4for4_idp,dl:Teair Tart|LAC,Teair Tart,LAC,DT,DL,4374269,Teair Tart,DT,"exact name, slot agrees",1.000
4for4_idp,dl:Tedarrell Slaton|CIN,Tedarrell Slaton,CIN,DT,DL,4240612,T.J. Slaton Jr.,DT,hand_reviewed,
4for4_idp,lb:Teddye Buchanan|BAL,Teddye Buchanan,BAL,LB,LB,4698244,Teddye Buchanan,LB,"exact name, slot agrees",1.000
4for4_idp,db:Terell Smith|CHI,Terell Smith,CHI,CB,DB,4360935,Terell Smith,CB,"exact name, slot agrees",1.000
4for4_idp,lb:Terrel Bernard|BUF,Terrel Bernard,BUF,LB,LB,4259166,Terrel Bernard,LB,"exact name, slot agrees",1.000
4for4_idp,db:Terrell Burgess|NO,Terrell Burgess,NO,S,DB,4035663,Terrell Burgess,S,"exact name, slot agrees",1.000
4for4_idp,dl:Tershawn Wharton|CAR,Tershawn Wharton,CAR,DT,DL,4058925,Tershawn Wharton,DT,"exact name, slot agrees",1.000
4for4_idp,db:Theo Jackson|MIN,Theo Jackson,MIN,S,DB,4242436,Theo Jackson,S,"exact name, slot agrees",1.000
4for4_idp,dl:Thomas Booker|LV,Thomas Booker,LV,DT,DL,4360749,Thomas Booker IV,DT,"exact name, slot agrees",1.000
4for4_idp,db:Thomas Harper|DET,Thomas Harper,DET,S,DB,4569323,Thomas Harper,S,"exact name, slot agrees",1.000
4for4_idp,dl:Thomas Incoom|CAR,Thomas Incoom,CAR,DE,DL,4714157,Thomas Incoom,DE,"exact name, slot agrees",1.000
4for4_idp,dl:Tim Settle|WAS,Tim Settle,WAS,DT,DL,3929956,Tim Settle,DT,"exact name, slot agrees",1.000
4for4_idp,lb:Tommy Eichenberg|LV,Tommy Eichenberg,LV,LB,LB,4429560,Tommy Eichenberg,LB,"exact name, slot agrees",1.000
4for4_idp,dl:Tommy Togiai|HOU,Tommy Togiai,HOU,DT,DL,4361366,Tommy Togiai,DT,"exact name, slot agrees",1.000
4for4_idp,dl:Tomon Fox|LAR,Tomon Fox,LAR,DE,DL,4037520,Tomon Fox,DE,"exact name, slot agrees",1.000
4for4_idp,dl:Tonka Hemingway|LV,Tonka Hemingway,LV,DE,DL,4429109,Tonka Hemingway,DT,"exact name, slot agrees",1.000
4for4_idp,db:Tony Adams|TEN,Tony Adams,TEN,S,DB,4240532,Tony Adams,S,"exact name, slot agrees",1.000
4for4_idp,db:Tony Jefferson|LAC,Tony Jefferson,LAC,S,DB,16195,Tony Jefferson,S,"exact name, slot agrees",1.000
4for4_idp,db:Travis Hunter|JAX,Travis Hunter,JAX,CB,DB,4685415,Travis Hunter,WR,hand_reviewed,
4for4_idp,dl:Travis Jones|BAL,Travis Jones,BAL,DT,DL,4362139,Travis Jones,DT,"exact name, slot agrees",1.000
4for4_idp,dl:Travon Walker|JAX,Travon Walker,JAX,DE,DL,4426349,Travon Walker,DE,"exact name, slot agrees",1.000
4for4_idp,db:Tre Avery|CLE,Tre Avery,CLE,CB,DB,4259300,Tre Avery,CB,"exact name, slot agrees",1.000
4for4_idp,db:Tre Brown|NYJ,Tre Brown,NYJ,CB,DB,4241373,Tre Brown,CB,"exact name, slot agrees",1.000
4for4_idp,db:Tre Hawkins III|WAS,Tre Hawkins III,WAS,CB,DB,4686553,Tre Hawkins III,CB,"exact name, slot agrees",1.000
4for4_idp,db:Tre'von Moehrig|CAR,Tre'von Moehrig,CAR,S,DB,4362487,Tre'von Moehrig,S,"exact name, slot agrees",1.000
4for4_idp,lb:Tremaine Edmunds|NYG,Tremaine Edmunds,NYG,LB,LB,3929950,Tremaine Edmunds,LB,"exact name, slot agrees",1.000
4for4_idp,db:Tremon Smith|HOU,Tremon Smith,HOU,CB,DB,3134448,Tremon Smith,CB,"exact name, slot agrees",1.000
4for4_idp,db:Trent McDuffie|LAR,Trent McDuffie,LAR,CB,DB,4426405,Trent McDuffie,CB,"exact name, slot agrees",1.000
4for4_idp,lb:Trenton Simpson|BAL,Trenton Simpson,BAL,LB,LB,4430831,Trenton Simpson,LB,"exact name, slot agrees",1.000
4for4_idp,lb:Trevin Wallace|CAR,Trevin Wallace,CAR,LB,LB,4683815,Trevin Wallace,LB,"exact name, slot agrees",1.000
4for4_idp,dl:Trevis Gipson|CAR,Trevis Gipson,CAR,DE,DL,3917016,Trevis Gipson,DE,"exact name, slot agrees",1.000
4for4_idp,dl:Trevor Nowaske|DET,Trevor Nowaske,DET,DE,DL,5144894,Trevor Nowaske,DE,"exact name, slot agrees",1.000
4for4_idp,db:Trey Amos|WAS,Trey Amos,WAS,CB,DB,4574689,Trey Amos,CB,"exact name, slot agrees",1.000
4for4_idp,dl:Trey Hendrickson|BAL,Trey Hendrickson,BAL,DE,DL,3052743,Trey Hendrickson,DE,"exact name, slot agrees",1.000
4for4_idp,dl:Trey Moore|MIA,Trey Moore,MIA,DE,DL,4879212,Trey Moore,LB,hand_reviewed,
4for4_idp,db:Trey Washington|IND,Trey Washington,IND,S,DB,4599160,Trey Washington,S,"exact name, slot agrees",1.000
4for4_idp,db:Treydan Stukes|LV,Treydan Stukes,LV,S,DB,4697757,Treydan Stukes,S,"exact name, slot agrees",1.000
4for4_idp,db:Trikweze Bridges|DAL,Trikweze Bridges,DAL,CB,DB,4426513,Trikweze Bridges,CB,"exact name, slot agrees",1.000
4for4_idp,db:Tristin McCollum|LV,Tristin McCollum,LV,S,DB,4250393,Tristin McCollum,S,"exact name, slot agrees",1.000
4for4_idp,lb:Troy Dye|LAC,Troy Dye,LAC,LB,LB,4038946,Troy Dye,LB,"exact name, slot agrees",1.000
4for4_idp,dl:Truman Jones|TEN,Truman Jones,TEN,DE,DL,4367828,Truman Jones,DE,"exact name, slot agrees",1.000
4for4_idp,dl:Tuli Tuipulotu|LAC,Tuli Tuipulotu,LAC,DE,DL,4431442,Tuli Tuipulotu,DE,"exact name, slot agrees",1.000
4for4_idp,dl:Ty Hamilton|LAR,Ty Hamilton,LAR,DT,DL,4431118,Ty Hamilton,DT,"exact name, slot agrees",1.000
4for4_idp,db:Ty Okada|SEA,Ty Okada,SEA,S,DB,4247808,Ty Okada,S,"exact name, slot agrees",1.000
4for4_idp,dl:Ty Robinson|PHI,Ty Robinson,PHI,DT,DL,4569586,Ty Robinson,DT,"exact name, slot agrees",1.000
4for4_idp,lb:Ty'Ron Hopper|GB,Ty'Ron Hopper,GB,LB,LB,4567406,Ty'Ron Hopper,LB,"exact name, slot agrees",1.000
4for4_idp,db:Tycen Anderson|DEN,Tycen Anderson,DEN,S,DB,4257240,Tycen Anderson,S,"exact name, slot agrees",1.000
4for4_idp,db:Tykee Smith|TB,Tykee Smith,TB,S,DB,4428522,Tykee Smith,S,"exact name, slot agrees",1.000
4for4_idp,dl:Tyleik Williams|DET,Tyleik Williams,DET,DT,DL,4431615,Tyleik Williams,DT,"exact name, slot agrees",1.000
4for4_idp,dl:Tyler Baron|NYJ,Tyler Baron,NYJ,DE,DL,4692555,Tyler Baron,DE,"exact name, slot agrees",1.000
4for4_idp,dl:Tyler Batty|MIN,Tyler Batty,MIN,DE,DL,4608794,Tyler Batty,DE,"exact name, slot agrees",1.000
4for4_idp,dl:Tyler Davis|LAR,Tyler Davis,LAR,DT,DL,4568217,Tyler Davis,DT,"exact name, slot agrees",1.000
4for4_idp,dl:Tyler Lacy|DET,Tyler Lacy,DET,DE,DL,4361861,Tyler Lacy,DE,"exact name, slot agrees",1.000
4for4_idp,db:Tyler Nubin|NYG,Tyler Nubin,NYG,S,DB,4430261,Tyler Nubin,S,"exact name, slot agrees",1.000
4for4_idp,dl:Tyler Onyedim|DEN,Tyler Onyedim,DEN,DT,DL,4683535,Tyler Onyedim,DT,"exact name, slot agrees",1.000
4for4_idp,db:Tyler Owens|WAS,Tyler Owens,WAS,CB,DB,4572460,Tyler Owens,S,"exact name, slot agrees",1.000
4for4_idp,dl:Tyree Wilson|NO,Tyree Wilson,NO,DE,DL,4372533,Tyree Wilson,DE,"exact name, slot agrees",1.000
4for4_idp,lb:Tyrel Dodson|MIA,Tyrel Dodson,MIA,LB,LB,4035232,Tyrel Dodson,LB,"exact name, slot agrees",1.000
4for4_idp,lb:Tyrice Knight|SEA,Tyrice Knight,SEA,LB,LB,4686540,Tyrice Knight,LB,"exact name, slot agrees",1.000
4for4_idp,dl:Tyrion Ingram-Dawkins|MIN,Tyrion Ingram-Dawkins,MIN,DE,DL,4629149,Tyrion Ingram-Dawkins,DE,"exact name, slot agrees",1.000
4for4_idp,db:Tyrique Stevenson|CHI,Tyrique Stevenson,CHI,CB,DB,4426374,Tyrique Stevenson,CB,"exact name, slot agrees",1.000
4for4_idp,dl:Tyrus Wheat|DAL,Tyrus Wheat,DAL,DE,DL,4689333,Tyrus Wheat,DT,"exact name, slot agrees",1.000
4for4_idp,db:Tyson Campbell|CLE,Tyson Campbell,CLE,CB,DB,4379397,Tyson Campbell,CB,"exact name, slot agrees",1.000
4for4_idp,dl:Uchenna Nwosu|SEA,Uchenna Nwosu,SEA,DE,DL,3120358,Uchenna Nwosu,DE,"exact name, slot agrees",1.000
4for4_idp,db:Upton Stout|SF,Upton Stout,SF,CB,DB,4565200,Upton Stout,CB,"exact name, slot agrees",1.000
4for4_idp,lb:Ventrell Miller|JAX,Ventrell Miller,JAX,LB,LB,4240610,Ventrell Miller,LB,"exact name, slot agrees",1.000
4for4_idp,dl:Vernon Broughton|NO,Vernon Broughton,NO,DE,DL,4429040,Vernon Broughton,DT,"exact name, slot agrees",1.000
4for4_idp,dl:Vita Vea|TB,Vita Vea,TB,DT,DL,3134362,Vita Vea,DT,"exact name, slot agrees",1.000
4for4_idp,dl:Von Miller|DAL,Von Miller,DAL,DE,DL,13976,Von Miller,DE,"exact name, slot agrees",1.000
4for4_idp,lb:Wade Woodaz|HOU,Wade Woodaz,HOU,LB,LB,4837286,Wade Woodaz,LB,"exact name, slot agrees",1.000
4for4_idp,dl:Walter Nolen|ARI,Walter Nolen,ARI,DT,DL,4685503,Walter Nolen III,DT,"exact name, slot agrees",1.000
4for4_idp,dl:Wesley Williams|JAX,Wesley Williams,JAX,DE,DL,4832922,Wesley Williams,DE,"exact name, slot agrees",1.000
4for4_idp,dl:Will Anderson|HOU,Will Anderson,HOU,DE,DL,4685724,Will Anderson Jr.,DE,"exact name, slot agrees",1.000
4for4_idp,db:Will Harris|WAS,Will Harris,WAS,S,DB,3915297,Will Harris,S,"exact name, slot agrees",1.000
4for4_idp,db:Will Johnson|ARI,Will Johnson,ARI,CB,DB,4685408,Will Johnson,CB,"exact name, slot agrees",1.000
4for4_idp,db:Will Lee III|CAR,Will Lee III,CAR,CB,DB,5151083,Will Lee III,CB,"exact name, slot agrees",1.000
4for4_idp,dl:Will McDonald|NYJ,Will McDonald,NYJ,DE,DL,4361767,Will McDonald IV,DE,"exact name, slot agrees",1.000
4for4_idp,lb:Willie Gay Jr.|MIA,Willie Gay Jr.,MIA,LB,LB,4259804,Willie Gay Jr.,LB,"exact name, slot agrees",1.000
4for4_idp,lb:Winston Reid|CLE,Winston Reid,CLE,LB,LB,4251125,Winston Reid,LB,"exact name, slot agrees",1.000
4for4_idp,db:Xavier McKinney|GB,Xavier McKinney,GB,S,DB,4241470,Xavier McKinney,S,"exact name, slot agrees",1.000
4for4_idp,db:Xavier Watts|ATL,Xavier Watts,ATL,S,DB,4431005,Xavier Watts,S,"exact name, slot agrees",1.000
4for4_idp,db:Xavier Woods|CHI,Xavier Woods,CHI,S,DB,3040572,Xavier Woods,S,"exact name, slot agrees",1.000
4for4_idp,dl:YaYa Diaby|TB,YaYa Diaby,TB,DE,DL,4686334,Yaya Diaby,DE,"exact name, slot agrees",1.000
4for4_idp,dl:Yahya Black|PIT,Yahya Black,PIT,DT,DL,4430947,Yahya Black,DT,"exact name, slot agrees",1.000
4for4_idp,dl:Za'Darius Smith|CLE,Za'Darius Smith,CLE,DE,DL,3043168,Za'Darius Smith,DE,"exact name, slot agrees",1.000
4for4_idp,dl:Zacch Pickens|NYG,Zacch Pickens,NYG,DT,DL,4426332,Zacch Pickens,DT,"exact name, slot agrees",1.000
4for4_idp,dl:Zach Allen|DEN,Zach Allen,DEN,DT,DL,3915282,Zach Allen,DT,"exact name, slot agrees",1.000
4for4_idp,dl:Zach Harrison|ATL,Zach Harrison,ATL,DT,DL,4426412,Zach Harrison,DT,"exact name, slot agrees",1.000
4for4_idp,dl:Zach Sieler|MIA,Zach Sieler,MIA,DT,DL,3057956,Zach Sieler,DT,"exact name, slot agrees",1.000
4for4_idp,dl:Zachary Carter|ARI,Zachary Carter,ARI,DE,DL,4240619,Zachary Carter,DT,"exact name, slot agrees",1.000
4for4_idp,lb:Zack Baun|PHI,Zack Baun,PHI,LB,LB,3917657,Zack Baun,LB,"exact name, slot agrees",1.000
4for4_idp,lb:Zaire Barnes|NYG,Zaire Barnes,NYG,LB,LB,4362234,Zaire Barnes,LB,"exact name, slot agrees",1.000
4for4_idp,lb:Zaire Franklin|GB,Zaire Franklin,GB,LB,LB,3124005,Zaire Franklin,LB,"exact name, slot agrees",1.000
4for4_idp,db:Zakee Wheatley|CAR,Zakee Wheatley,CAR,S,DB,4566384,Zakee Wheatley,S,"exact name, slot agrees",1.000
4for4_idp,dl:Zaven Collins|ARI,Zaven Collins,ARI,DE,DL,4244606,Zaven Collins,DE,"exact name, slot agrees",1.000
4for4_idp,db:Zayne Anderson|MIA,Zayne Anderson,MIA,S,DB,3932335,Zayne Anderson,S,"exact name, slot agrees",1.000
4for4_idp,dl:Zeek Biggers|MIA,Zeek Biggers,MIA,DT,DL,4683276,Zeek Biggers,DT,"exact name, slot agrees",1.000
4for4_idp,dl:Zion Logue|BUF,Zion Logue,BUF,DT,DL,4427826,Zion Logue,DT,"exact name, slot agrees",1.000
4for4_idp,dl:Zion Young|BAL,Zion Young,BAL,DE,DL,4839501,Zion Young,DE,"exact name, slot agrees",1.000
4for4_idp,db:Zyon McCollum|TB,Zyon McCollum,TB,CB,DB,4250392,Zyon McCollum,CB,"exact name, slot agrees",1.000
4for4_offense,browna5,A.J. Brown,NE,WR,WR,4047646,A.J. Brown,WR,"exact name, slot agrees",1.000
4for4_offense,barnea2,AJ Barner,SEA,TE,TE,4576297,AJ Barner,TE,"exact name, slot agrees",1.000
4for4_offense,jonesa2,Aaron Jones,MIN,RB,RB,3042519,Aaron Jones Sr.,RB,"exact name, slot agrees",1.000
4for4_offense,rodgea1,Aaron Rodgers,PIT,QB,QB,8439,Aaron Rodgers,QB,"exact name, slot agrees",1.000
4for4_offense,randaa1,Adam Randall,BAL,RB,RB,4685526,Adam Randall,RB,"exact name, slot agrees",1.000
4for4_offense,trauta1,Adam Trautman,DEN,TE,TE,3911853,Adam Trautman,TE,"exact name, slot agrees",1.000
4for4_offense,mitcha1,Adonai Mitchell,NYJ,WR,WR,4597500,Adonai Mitchell,WR,"exact name, slot agrees",1.000
4for4_offense,pierca2,Alec Pierce,IND,WR,WR,4360078,Alec Pierce,WR,"exact name, slot agrees",1.000
4for4_offense,kamara1,Alvin Kamara,NO,RB,RB,3054850,Alvin Kamara,RB,"exact name, slot agrees",1.000
4for4_offense,stbra1,Amon-Ra St. Brown,DET,WR,WR,4374302,Amon-Ra St. Brown,WR,"exact name, slot agrees",1.000
4for4_offense,szmyta1,Andre Szmyt,CLE,K,K,4258620,Andre Szmyt,K,"exact name, slot agrees",1.000
4for4_offense,iosiva1,Andrei Iosivas,CIN,WR,WR,4368003,Andrei Iosivas,WR,"exact name, slot agrees",1.000
4for4_offense,borrea1,Andres Borregales,NE,K,K,4569923,Andy Borregales,K,hand_reviewed,
4for4_offense,ogleta1,Andrew Ogletree,IND,TE,TE,4722908,Drew Ogletree,TE,hand_reviewed,
4for4_offense,daltoa1,Andy Dalton,PHI,QB,QB,14012,Andy Dalton,QB,"exact name, slot agrees",1.000
4for4_offense,richaa2,Anthony Richardson,IND,QB,QB,4429084,Anthony Richardson Sr.,QB,"exact name, slot agrees",1.000
4for4_offense,willia5,Antonio Williams,WAS,WR,WR,5081432,Antonio Williams,WR,"exact name, slot agrees",1.000
4for4_offense,dulina1,Ashton Dulin,IND,WR,WR,4061956,Ashton Dulin,WR,"exact name, slot agrees",1.000
4for4_offense,jeanta1,Ashton Jeanty,LV,RB,RB,4890973,Ashton Jeanty,RB,"exact name, slot agrees",1.000
4for4_offense,hoopea1,Austin Hooper,ATL,TE,TE,3043275,Austin Hooper,TE,"exact name, slot agrees",1.000
4for4_offense,mayfib1,Baker Mayfield,TB,QB,QB,3052587,Baker Mayfield,QB,"exact name, slot agrees",1.000
4for4_offense,saulsb2,Ben Sauls,NYG,K,K,4566158,Ben Sauls,K,"exact name, slot agrees",1.000
4for4_offense,simsb2,Ben Sims,MIA,TE,TE,4373030,Ben Sims,TE,"exact name, slot agrees",1.000
4for4_offense,sinnob1,Ben Sinnott,WAS,TE,TE,4690923,Ben Sinnott,TE,"exact name, slot agrees",1.000
4for4_offense,skowrb1,Ben Skowronek,PIT,WR,WR,4035656,Ben Skowronek,WR,"exact name, slot agrees",1.000
4for4_offense,yurosb1,Ben Yurosek,MIN,TE,TE,4433959,Ben Yurosek,TE,"exact name, slot agrees",1.000
4for4_offense,tutenb1,Bhayshul Tuten,JAX,RB,RB,4882093,Bhayshul Tuten,RB,"exact name, slot agrees",1.000
4for4_offense,robinb2,Bijan Robinson,ATL,RB,RB,4430807,Bijan Robinson,RB,"exact name, slot agrees",1.000
4for4_offense,corumb1,Blake Corum,LAR,RB,RB,4429096,Blake Corum,RB,"exact name, slot agrees",1.000
4for4_offense,grupeb1,Blake Grupe,IND,K,K,4259619,Blake Grupe,K,"exact name, slot agrees",1.000
4for4_offense,whiteb3,Blake Whiteheart,CLE,TE,TE,4362018,Blake Whiteheart,TE,"exact name, slot agrees",1.000
4for4_offense,meltob1,Bo Melton,GB,WR,WR,4259305,Bo Melton,WR,"exact name, slot agrees",1.000
4for4_offense,nixb1,Bo Nix,DEN,QB,QB,4426338,Bo Nix,QB,"exact name, slot agrees",1.000
4for4_offense,allenb2,Braelon Allen,NYJ,RB,RB,4685247,Braelon Allen,RB,"exact name, slot agrees",1.000
4for4_offense,aubreb1,Brandon Aubrey,DAL,K,K,3953687,Brandon Aubrey,K,"exact name, slot agrees",1.000
4for4_offense,smithb3,Brashard Smith,KC,RB,RB,4596602,Brashard Smith,RB,"exact name, slot agrees",1.000
4for4_offense,hallb1,Breece Hall,NYJ,RB,RB,4427366,Breece Hall,RB,"exact name, slot agrees",1.000
4for4_offense,thompb2,Brenen Thompson,LAC,WR,WR,4685553,Brenen Thompson,WR,"exact name, slot agrees",1.000
4for4_offense,stranb1,Brenton Strange,JAX,TE,TE,4430539,Brenton Strange,TE,"exact name, slot agrees",1.000
4for4_offense,spannb1,Brevyn Spann-Ford,DAL,TE,TE,4360967,Brevyn Spann-Ford,TE,"exact name, slot agrees",1.000
4for4_offense,robinb1,Brian Robinson,ATL,RB,RB,4241474,Brian Robinson Jr.,RB,"exact name, slot agrees",1.000
4for4_offense,thomab1,Brian Thomas Jr.,JAX,WR,WR,4432773,Brian Thomas Jr.,WR,"exact name, slot agrees",1.000
4for4_offense,brookb1,British Brooks,HOU,RB,RB,4373273,British Brooks,RB,"exact name, slot agrees",1.000
4for4_offense,brownb3,Brittain Brown,CHI,RB,RB,4036032,Brittain Brown,RB,"exact name, slot agrees",1.000
4for4_offense,bowerb1,Brock Bowers,LV,TE,TE,4432665,Brock Bowers,TE,"exact name, slot agrees",1.000
4for4_offense,purdyb1,Brock Purdy,SF,QB,QB,4361741,Brock Purdy,QB,"exact name, slot agrees",1.000
4for4_offense,wrighb2,Brock Wright,DET,TE,TE,4242392,Brock Wright,TE,"exact name, slot agrees",1.000
4for4_offense,lanceb1,Bryce Lance,NO,WR,WR,4879276,Bryce Lance,WR,"exact name, slot agrees",1.000
4for4_offense,oliveb2,Bryce Oliver,TEN,WR,WR,4362617,Bryce Oliver,WR,"exact name, slot agrees",1.000
4for4_offense,youngb1,Bryce Young,CAR,QB,QB,4685720,Bryce Young,QB,"exact name, slot agrees",1.000
4for4_offense,irvinb1,Bucky Irving,TB,RB,RB,4596448,Bucky Irving,RB,"exact name, slot agrees",1.000
4for4_offense,strouc1,C.J. Stroud,HOU,QB,QB,4432577,C.J. Stroud,QB,"exact name, slot agrees",1.000
4for4_offense,daniec2,CJ Daniels,LAR,WR,WR,4605951,CJ Daniels,WR,"exact name, slot agrees",1.000
4for4_offense,klubnc1,Cade Klubnik,NYJ,QB,QB,4685413,Cade Klubnik,QB,"exact name, slot agrees",1.000
4for4_offense,ottonc1,Cade Otton,TB,TE,TE,4243331,Cade Otton,TE,"exact name, slot agrees",1.000
4for4_offense,stovec1,Cade Stover,HOU,TE,TE,4426496,Cade Stover,TE,"exact name, slot agrees",1.000
4for4_offense,yorkc1,Cade York,NYJ,K,K,4428963,Cade York,K,"exact name, slot agrees",1.000
4for4_offense,santoc1,Cairo Santos,CHI,K,K,17427,Cairo Santos,K,"exact name, slot agrees",1.000
4for4_offense,douglc1,Caleb Douglas,MIA,WR,WR,4869645,Caleb Douglas,WR,"exact name, slot agrees",1.000
4for4_offense,willic6,Caleb Williams,CHI,QB,QB,4431611,Caleb Williams,QB,"exact name, slot agrees",1.000
4for4_offense,austic1,Calvin Austin III,NYG,WR,WR,4243389,Calvin Austin III,WR,"exact name, slot agrees",1.000
4for4_offense,ridlec1,Calvin Ridley,TEN,WR,WR,3925357,Calvin Ridley,WR,"exact name, slot agrees",1.000
4for4_offense,littlc1,Cam Little,JAX,K,K,4686361,Cam Little,K,"exact name, slot agrees",1.000
4for4_offense,skattc1,Cam Skattebo,NYG,RB,RB,4696981,Cam Skattebo,RB,"exact name, slot agrees",1.000
4for4_offense,wardc1,Cam Ward,TEN,QB,QB,4688380,Cam Ward,QB,"exact name, slot agrees",1.000
4for4_offense,dickec1,Cameron Dicker,LAC,K,K,4362081,Cameron Dicker,K,"exact name, slot agrees",1.000
4for4_offense,tatec1,Carnell Tate,TEN,WR,WR,4871023,Carnell Tate,WR,"exact name, slot agrees",1.000
4for4_offense,beckc1,Carson Beck,ARI,QB,QB,4430841,Carson Beck,QB,"exact name, slot agrees",1.000
4for4_offense,washic3,Casey Washington,CAR,WR,WR,4428796,Casey Washington,WR,"exact name, slot agrees",1.000
4for4_offense,tillmc1,Cedric Tillman,CLE,WR,WR,4369863,Cedric Tillman,WR,"exact name, slot agrees",1.000
4for4_offense,lambc1,CeeDee Lamb,DAL,WR,WR,4241389,CeeDee Lamb,WR,"exact name, slot agrees",1.000
4for4_offense,rylanc1,Chad Ryland,ARI,K,K,4363538,Chad Ryland,K,"exact name, slot agrees",1.000
4for4_offense,kolarc1,Charlie Kolar,LAC,TE,TE,4241263,Charlie Kolar,TE,"exact name, slot agrees",1.000
4for4_offense,smythc1,Charlie Smyth,NO,K,K,5208518,Charlie Smyth,K,"exact name, slot agrees",1.000
4for4_offense,woernc1,Charlie Woerner,ATL,TE,TE,4035020,Charlie Woerner,TE,"exact name, slot agrees",1.000
4for4_offense,brownc4,Chase Brown,CIN,RB,RB,4362238,Chase Brown,RB,"exact name, slot agrees",1.000
4for4_offense,mclauc1,Chase McLaughlin,TB,K,K,3150744,Chase McLaughlin,K,"exact name, slot agrees",1.000
4for4_offense,okonkc1,Chigoziem Okonkwo,WAS,TE,TE,4360635,Chig Okonkwo,TE,hand_reviewed,
4for4_offense,dikec1,Chimere Dike,TEN,WR,WR,4431268,Chimere Dike,WR,"exact name, slot agrees",1.000
4for4_offense,bellc1,Chris Bell,MIA,WR,WR,4869961,Chris Bell,WR,"exact name, slot agrees",1.000
4for4_offense,boswec1,Chris Boswell,PIT,K,K,17372,Chris Boswell,K,"exact name, slot agrees",1.000
4for4_offense,brookc2,Chris Brooks,GB,RB,RB,3149687,Chris Brooks,RB,"exact name, slot agrees",1.000
4for4_offense,godwic1,Chris Godwin,TB,WR,WR,3116165,Chris Godwin Jr.,WR,"exact name, slot agrees",1.000
4for4_offense,manhec1,Chris Manhertz,NYG,TE,TE,2531358,Chris Manhertz,TE,"exact name, slot agrees",1.000
4for4_offense,moorec1,Chris Moore,BAL,WR,WR,2576581,Chris Moore,WR,"exact name, slot agrees",1.000
4for4_offense,olavec1,Chris Olave,NO,WR,WR,4361370,Chris Olave,WR,"exact name, slot agrees",1.000
4for4_offense,rodric1,Chris Rodriguez,JAX,RB,RB,4362619,Chris Rodriguez Jr.,RB,"exact name, slot agrees",1.000
4for4_offense,kirkc1,Christian Kirk,SF,WR,WR,3895856,Christian Kirk,WR,"exact name, slot agrees",1.000
4for4_offense,mccafc1,Christian McCaffrey,SF,RB,RB,3117251,Christian McCaffrey,RB,"exact name, slot agrees",1.000
4for4_offense,watsoc1,Christian Watson,GB,WR,WR,4248528,Christian Watson,WR,"exact name, slot agrees",1.000
4for4_offense,hubbac1,Chuba Hubbard,CAR,RB,RB,4241416,Chuba Hubbard,RB,"exact name, slot agrees",1.000
4for4_offense,youngc1,Colbie Young,CIN,WR,WR,5092508,Colbie Young,WR,"exact name, slot agrees",1.000
4for4_offense,parkic1,Colby Parkinson,LAR,TE,TE,4242557,Colby Parkinson,TE,"exact name, slot agrees",1.000
4for4_offense,kmetc1,Cole Kmet,CHI,TE,TE,4258595,Cole Kmet,TE,"exact name, slot agrees",1.000
4for4_offense,lovelc1,Colston Loveland,CHI,TE,TE,4723086,Colston Loveland,TE,"exact name, slot agrees",1.000
4for4_offense,kuppc1,Cooper Kupp,SEA,WR,WR,2977187,Cooper Kupp,WR,"exact name, slot agrees",1.000
4for4_offense,suttoc1,Courtland Sutton,DEN,WR,WR,3128429,Courtland Sutton,WR,"exact name, slot agrees",1.000
4for4_offense,allenc1,Cyrus Allen,KC,WR,WR,4912218,Cyrus Allen,WR,"exact name, slot agrees",1.000
4for4_offense,swiftd1,D'Andre Swift,CHI,RB,RB,4259545,D'Andre Swift,RB,"exact name, slot agrees",1.000
4for4_offense,moored4,D.J. Moore,BUF,WR,WR,3915416,DJ Moore,WR,"exact name, slot agrees",1.000
4for4_offense,gidded1,DJ Giddens,IND,RB,RB,4874509,DJ Giddens,RB,"exact name, slot agrees",1.000
4for4_offense,metcad1,DK Metcalf,PIT,WR,WR,4047650,DK Metcalf,WR,"exact name, slot agrees",1.000
4for4_offense,prescd1,Dak Prescott,DAL,QB,QB,2577417,Dak Prescott,QB,"exact name, slot agrees",1.000
4for4_offense,goeded1,Dallas Goedert,PHI,TE,TE,3121023,Dallas Goedert,TE,"exact name, slot agrees",1.000
4for4_offense,kincad1,Dalton Kincaid,BUF,TE,TE,4385690,Dalton Kincaid,TE,"exact name, slot agrees",1.000
4for4_offense,schuld1,Dalton Schultz,HOU,TE,TE,3117256,Dalton Schultz,TE,"exact name, slot agrees",1.000
4for4_offense,piercd1,Dameon Pierce,PHI,RB,RB,4360238,Dameon Pierce,RB,"exact name, slot agrees",1.000
4for4_offense,bellid1,Daniel Bellinger,TEN,TE,TE,4361516,Daniel Bellinger,TE,"exact name, slot agrees",1.000
4for4_offense,jonesd4,Daniel Jones,IND,QB,QB,3917792,Daniel Jones,QB,"exact name, slot agrees",1.000
4for4_offense,slaytd1,Darius Slayton,NYG,WR,WR,3916945,Darius Slayton,WR,"exact name, slot agrees",1.000
4for4_offense,mooned1,Darnell Mooney,NYG,WR,WR,4040655,Darnell Mooney,WR,"exact name, slot agrees",1.000
4for4_offense,washid3,Darnell Washington,PIT,TE,TE,4430802,Darnell Washington,TE,"exact name, slot agrees",1.000
4for4_offense,walled1,Darren Waller,CAR,TE,TE,2576925,Darren Waller,TE,"exact name, slot agrees",1.000
4for4_offense,adamsd2,Davante Adams,LAR,WR,WR,16800,Davante Adams,WR,"exact name, slot agrees",1.000
4for4_offense,montgd1,David Montgomery,HOU,RB,RB,4035538,David Montgomery,RB,"exact name, slot agrees",1.000
4for4_offense,njokud1,David Njoku,LAC,TE,TE,3123076,David Njoku,TE,"exact name, slot agrees",1.000
4for4_offense,allend3,Davis Allen,LAR,TE,TE,4426553,Davis Allen,TE,"exact name, slot agrees",1.000
4for4_offense,millsd1,Davis Mills,HOU,QB,QB,4242546,Davis Mills,QB,"exact name, slot agrees",1.000
4for4_offense,knoxd1,Dawson Knox,BUF,TE,TE,3930086,Dawson Knox,TE,"exact name, slot agrees",1.000
4for4_offense,achand1,De'Von Achane,MIA,RB,RB,4429160,De'Von Achane,RB,"exact name, slot agrees",1.000
4for4_offense,stribd1,De'Zhaun Stribling,SF,WR,WR,4710714,De'Zhaun Stribling,WR,"exact name, slot agrees",1.000
4for4_offense,smithd4,DeVonta Smith,PHI,WR,WR,4241478,DeVonta Smith,WR,"exact name, slot agrees",1.000
4for4_offense,samued1,Deebo Samuel,SF,WR,WR,3126486,Deebo Samuel Sr.,WR,"exact name, slot agrees",1.000
4for4_offense,burksd1,Deion Burks,IND,WR,WR,4683151,Deion Burks,WR,"exact name, slot agrees",1.000
4for4_offense,robind2,Demarcus Robinson,SF,WR,WR,3043116,Demarcus Robinson,WR,"exact name, slot agrees",1.000
4for4_offense,dougld2,Demario Douglas,NE,WR,WR,4427095,DeMario Douglas,WR,"exact name, slot agrees",1.000
4for4_offense,claibd1,Demond Claiborne,MIN,RB,RB,4832846,Demond Claiborne,RB,"exact name, slot agrees",1.000
4for4_offense,bostod1,Denzel Boston,CLE,WR,WR,4832800,Denzel Boston,WR,"exact name, slot agrees",1.000
4for4_offense,davisd7,Derius Davis,LAC,WR,WR,4362477,Derius Davis,WR,"exact name, slot agrees",1.000
4for4_offense,henryd1,Derrick Henry,BAL,RB,RB,3043078,Derrick Henry,RB,"exact name, slot agrees",1.000
4for4_offense,watsod1,Deshaun Watson,CLE,QB,QB,3122840,Deshaun Watson,QB,"exact name, slot agrees",1.000
4for4_offense,veled1,Devaughn Vele,NO,WR,WR,4569559,Devaughn Vele,WR,"exact name, slot agrees",1.000
4for4_offense,culpd1,Devin Culp,TB,TE,TE,4361112,Devin Culp,TE,"exact name, slot agrees",1.000
4for4_offense,duverd1,Devin Duvernay,ARI,WR,WR,4039050,Devin Duvernay,WR,"exact name, slot agrees",1.000
4for4_offense,singld1,Devin Singletary,NYG,RB,RB,4040761,Devin Singletary,RB,"exact name, slot agrees",1.000
4for4_offense,walked5,Devontez Walker,BAL,WR,WR,4696882,Devontez Walker,WR,"exact name, slot agrees",1.000
4for4_offense,gabrid1,Dillon Gabriel,CLE,QB,QB,4427238,Dillon Gabriel,QB,"exact name, slot agrees",1.000
4for4_offense,zvadad1,Dominic Zvada,NYG,K,K,5082424,Dominic Zvada,K,"exact name, slot agrees",1.000
4for4_offense,thornd1,Dont'e Thornton,LV,WR,WR,4432775,Dont'e Thornton Jr.,WR,"exact name, slot agrees",1.000
4for4_offense,wicksd1,Dontayvion Wicks,PHI,WR,WR,4428850,Dontayvion Wicks,WR,"exact name, slot agrees",1.000
4for4_offense,londod1,Drake London,ATL,WR,WR,4426502,Drake London,WR,"exact name, slot agrees",1.000
4for4_offense,mayed1,Drake Maye,NE,QB,QB,4431452,Drake Maye,QB,"exact name, slot agrees",1.000
4for4_offense,lockd1,Drew Lock,SEA,QB,QB,3924327,Drew Lock,QB,"exact name, slot agrees",1.000
4for4_offense,sampld1,Drew Sample,CIN,TE,TE,3127310,Drew Sample,TE,"exact name, slot agrees",1.000
4for4_offense,steved1,Drew Stevens,WAS,K,K,5081335,Drew Stevens,K,"exact name, slot agrees",1.000
4for4_offense,smythd1,Durham Smythe,BAL,TE,TE,3052897,Durham Smythe,TE,"exact name, slot agrees",1.000
4for4_offense,brownd12,Dyami Brown,WAS,WR,WR,4361577,Dyami Brown,WR,"exact name, slot agrees",1.000
4for4_offense,laubed1,Dylan Laube,LV,RB,RB,4366963,Dylan Laube,RB,"exact name, slot agrees",1.000
4for4_offense,sampsd2,Dylan Sampson,CLE,RB,RB,5081397,Dylan Sampson,RB,"exact name, slot agrees",1.000
4for4_offense,pineie1,Eddy Pineiro,SF,K,K,4034949,Eddy Pineiro,K,"exact name, slot agrees",1.000
4for4_offense,heidee1,Eli Heidenreich,PIT,RB,RB,5081508,Eli Heidenreich,RB,"exact name, slot agrees",1.000
4for4_offense,stowee1,Eli Stowers,PHI,TE,TE,4431574,Eli Stowers,TE,"exact name, slot agrees",1.000
4for4_offense,ayomae1,Elic Ayomanor,TEN,WR,WR,4883647,Elic Ayomanor,WR,"exact name, slot agrees",1.000
4for4_offense,arroye1,Elijah Arroyo,SEA,TE,TE,4678006,Elijah Arroyo,TE,"exact name, slot agrees",1.000
4for4_offense,higgie1,Elijah Higgins,ARI,TE,TE,4426844,Elijah Higgins,TE,"exact name, slot agrees",1.000
4for4_offense,mooree2,Elijah Moore,PHI,WR,WR,4372414,Elijah Moore,WR,"exact name, slot agrees",1.000
4for4_offense,sarrae1,Elijah Sarratt,BAL,WR,WR,5088338,Elijah Sarratt,WR,"exact name, slot agrees",1.000
4for4_offense,wilsoe1,Emanuel Wilson,SEA,RB,RB,4887558,Emanuel Wilson,RB,"exact name, slot agrees",1.000
4for4_offense,demere1,Emari Demercado,KC,RB,RB,4362478,Emari Demercado,RB,"exact name, slot agrees",1.000
4for4_offense,egbuke1,Emeka Egbuka,TB,WR,WR,4567750,Emeka Egbuka,WR,"exact name, slot agrees",1.000
4for4_offense,hendee1,Emmanuel Henderson,SEA,WR,WR,4685381,Emmanuel Henderson Jr.,WR,"exact name, slot agrees",1.000
4for4_offense,johnse2,Emmett Johnson,KC,RB,RB,4832955,Emmett Johnson,RB,"exact name, slot agrees",1.000
4for4_offense,saubee1,Eric Saubert,SEA,TE,TE,2975863,Eric Saubert,TE,"exact name, slot agrees",1.000
4for4_offense,alle1,Erick All,CIN,TE,TE,4427834,Erick All Jr.,TE,"exact name, slot agrees",1.000
4for4_offense,engrae1,Evan Engram,DEN,TE,TE,3051876,Evan Engram,TE,"exact name, slot agrees",1.000
4for4_offense,mcphee1,Evan McPherson,CIN,K,K,4360234,Evan McPherson,K,"exact name, slot agrees",1.000
4for4_offense,mendof1,Fernando Mendoza,LV,QB,QB,4837248,Fernando Mendoza,QB,"exact name, slot agrees",1.000
4for4_offense,moreaf1,Foster Moreau,HOU,TE,TE,3843945,Foster Moreau,TE,"exact name, slot agrees",1.000
4for4_offense,gorejf1,Frank Gore Jr.,BUF,RB,RB,4429805,Frank Gore Jr.,RB,"exact name, slot agrees",1.000
4for4_offense,minshg1,Gardner Minshew,ARI,QB,QB,4038524,Gardner Minshew II,QB,"exact name, slot agrees",1.000
4for4_offense,wilsog1,Garrett Wilson,NYJ,WR,WR,4569618,Garrett Wilson,WR,"exact name, slot agrees",1.000
4for4_offense,smithg1,Geno Smith,NYJ,QB,QB,15864,Geno Smith,QB,"exact name, slot agrees",1.000
4for4_offense,holang1,George Holani,SEA,RB,RB,4429835,George Holani,RB,"exact name, slot agrees",1.000
4for4_offense,kittlg1,George Kittle,SF,TE,TE,3040151,George Kittle,TE,"exact name, slot agrees",1.000
4for4_offense,pickeg1,George Pickens,DAL,WR,WR,4426354,George Pickens,WR,"exact name, slot agrees",1.000
4for4_offense,bernag2,Germie Bernard,PIT,WR,WR,4685261,Germie Bernard,WR,"exact name, slot agrees",1.000
4for4_offense,calcag1,Grant Calcaterra,PHI,TE,TE,4241374,Grant Calcaterra,TE,"exact name, slot agrees",1.000
4for4_offense,dortcg1,Greg Dortch,DET,WR,WR,4037235,Greg Dortch,WR,"exact name, slot agrees",1.000
4for4_offense,dulcig1,Greg Dulcich,MIA,TE,TE,4367209,Greg Dulcich,TE,"exact name, slot agrees",1.000
4for4_offense,helmg1,Gunnar Helm,TEN,TE,TE,4686728,Gunnar Helm,TE,"exact name, slot agrees",1.000
4for4_offense,fannih1,Harold Fannin,CLE,TE,TE,5083076,Harold Fannin Jr.,TE,"exact name, slot agrees",1.000
4for4_offense,butkeh1,Harrison Butker,KC,K,K,3055899,Harrison Butker,K,"exact name, slot agrees",1.000
4for4_offense,mevish1,Harrison Mevis,LAR,K,K,4574716,Harrison Mevis,K,"exact name, slot agrees",1.000
4for4_offense,brownm6,Hollywood Brown,PHI,WR,WR,4241372,Hollywood Brown,WR,"exact name, slot agrees",1.000
4for4_offense,henryh1,Hunter Henry,NE,TE,TE,3046439,Hunter Henry,TE,"exact name, slot agrees",1.000
4for4_offense,luepkh1,Hunter Luepke,DAL,RB,RB,4383396,Hunter Luepke,RB,"exact name, slot agrees",1.000
4for4_offense,thomai1,Ian Thomas,LV,TE,TE,4045305,Ian Thomas,TE,"exact name, slot agrees",1.000
4for4_offense,guerei1,Isaac Guerendo,SF,RB,RB,4372561,Isaac Guerendo,RB,"exact name, slot agrees",1.000
4for4_offense,teslai1,Isaac TeSlaa,DET,WR,WR,5123663,Isaac TeSlaa,WR,"exact name, slot agrees",1.000
4for4_offense,bondi1,Isaiah Bond,CLE,WR,WR,4808839,Isaiah Bond,WR,"exact name, slot agrees",1.000
4for4_offense,davisi1,Isaiah Davis,NYJ,RB,RB,4695404,Isaiah Davis,RB,"exact name, slot agrees",1.000
4for4_offense,hodgii1,Isaiah Hodgins,NYG,WR,WR,4242540,Isaiah Hodgins,WR,"exact name, slot agrees",1.000
4for4_offense,likeli1,Isaiah Likely,NYG,TE,TE,4361050,Isaiah Likely,TE,"exact name, slot agrees",1.000
4for4_offense,willii2,Isaiah Williams,NYJ,WR,WR,4569371,Isaiah Williams,WR,"exact name, slot agrees",1.000
4for4_offense,pachei1,Isiah Pacheco,DET,RB,RB,4361529,Isiah Pacheco,RB,"exact name, slot agrees",1.000
4for4_offense,mccarj2,J.J. McCarthy,MIN,QB,QB,4433970,J.J. McCarthy,QB,"exact name, slot agrees",1.000
4for4_offense,dobbij1,J.K. Dobbins,DEN,RB,RB,4241985,J.K. Dobbins,RB,"exact name, slot agrees",1.000
4for4_offense,richaj2,JP Richardson,CHI,WR,WR,4685183,,,hand_reviewed,
4for4_offense,lanej4,Ja'Kobi Lane,BAL,WR,WR,4870847,Ja'Kobi Lane,WR,"exact name, slot agrees",1.000
4for4_offense,chasej1,Ja'Marr Chase,CIN,WR,WR,4362628,Ja'Marr Chase,WR,"exact name, slot agrees",1.000
4for4_offense,sandej2,Ja'Tavion Sanders,CAR,TE,TE,4431588,Ja'Tavion Sanders,TE,"exact name, slot agrees",1.000
4for4_offense,bechj1,Jack Bech,LV,WR,WR,4603186,Jack Bech,WR,"exact name, slot agrees",1.000
4for4_offense,hawesj1,Jackson Hawes,BUF,TE,TE,4573699,Jackson Hawes,TE,"exact name, slot agrees",1.000
4for4_offense,sayloj1,Jacob Saylors,DET,RB,RB,4383429,Jacob Saylors,RB,"exact name, slot agrees",1.000
4for4_offense,brissj1,Jacoby Brissett,ARI,QB,QB,2578570,Jacoby Brissett,QB,"exact name, slot agrees",1.000
4for4_offense,croskj1,Jacory Croskey-Merritt,WAS,RB,RB,4575131,Jacory Croskey-Merritt,RB,"exact name, slot agrees",1.000
4for4_offense,pricej1,Jadarian Price,SEA,RB,RB,4685512,Jadarian Price,RB,"exact name, slot agrees",1.000
4for4_offense,dotsoj1,Jahan Dotson,ATL,WR,WR,4361409,Jahan Dotson,WR,"exact name, slot agrees",1.000
4for4_offense,walkej3,Jahdae Walker,CHI,WR,WR,5160110,Jahdae Walker,WR,"exact name, slot agrees",1.000
4for4_offense,gibbsj1,Jahmyr Gibbs,DET,RB,RB,4429795,Jahmyr Gibbs,RB,"exact name, slot agrees",1.000
4for4_offense,batesj2,Jake Bates,DET,K,K,4689936,Jake Bates,K,"exact name, slot agrees",1.000
4for4_offense,boboj1,Jake Bobo,SEA,WR,WR,4360405,Jake Bobo,WR,"exact name, slot agrees",1.000
4for4_offense,brownj7,Jake Browning,TB,QB,QB,3886812,Jake Browning,QB,"exact name, slot agrees",1.000
4for4_offense,ellioj1,Jake Elliott,PHI,K,K,3050478,Jake Elliott,K,"exact name, slot agrees",1.000
4for4_offense,ferguj3,Jake Ferguson,DAL,TE,TE,4242355,Jake Ferguson,TE,"exact name, slot agrees",1.000
4for4_offense,tongej1,Jake Tonges,SF,TE,TE,4259147,Jake Tonges,TE,"exact name, slot agrees",1.000
4for4_offense,meyerj1,Jakobi Meyers,JAX,WR,WR,3916433,Jakobi Meyers,WR,"exact name, slot agrees",1.000
4for4_offense,mclauj1,Jaleel McLaughlin,DEN,RB,RB,4722893,Jaleel McLaughlin,RB,"exact name, slot agrees",1.000
4for4_offense,cokerj2,Jalen Coker,CAR,WR,WR,4695883,Jalen Coker,WR,"exact name, slot agrees",1.000
4for4_offense,hurtsj1,Jalen Hurts,PHI,QB,QB,4040715,Jalen Hurts,QB,"exact name, slot agrees",1.000
4for4_offense,mcmilj1,Jalen McMillan,TB,WR,WR,4430834,Jalen McMillan,WR,"exact name, slot agrees",1.000
4for4_offense,nailoj1,Jalen Nailor,LV,WR,WR,4382466,Jalen Nailor,WR,"exact name, slot agrees",1.000
4for4_offense,royalj1,Jalen Royals,KC,WR,WR,5082630,Jalen Royals,WR,"exact name, slot agrees",1.000
4for4_offense,tolbej1,Jalen Tolbert,MIA,WR,WR,4249417,Jalen Tolbert,WR,"exact name, slot agrees",1.000
4for4_offense,millej1,Jam Miller,NE,RB,RB,4685477,Jam Miller,RB,"exact name, slot agrees",1.000
4for4_offense,winstj1,Jameis Winston,NYG,QB,QB,2969939,Jameis Winston,QB,"exact name, slot agrees",1.000
4for4_offense,connej2,James Conner,ARI,RB,RB,3045147,James Conner,RB,"exact name, slot agrees",1.000
4for4_offense,cookj3,James Cook,BUF,RB,RB,4379399,James Cook III,RB,"exact name, slot agrees",1.000
4for4_offense,mitchj1,James Mitchell,CAR,TE,TE,4361988,James Mitchell,TE,"exact name, slot agrees",1.000
4for4_offense,willij14,Jameson Williams,DET,WR,WR,4426388,Jameson Williams,WR,"exact name, slot agrees",1.000
4for4_offense,goffj1,Jared Goff,DET,QB,QB,3046779,Jared Goff,QB,"exact name, slot agrees",1.000
4for4_offense,wileyj1,Jared Wiley,KC,TE,TE,4430723,Jared Wiley,TE,"exact name, slot agrees",1.000
4for4_offense,pattej1,Jaret Patterson,LAC,RB,RB,4362452,Jaret Patterson,RB,"exact name, slot agrees",1.000
4for4_offense,stidhj1,Jarrett Stidham,DEN,QB,QB,3892775,Jarrett Stidham,QB,"exact name, slot agrees",1.000
4for4_offense,myersj1,Jason Myers,SEA,K,K,2473037,Jason Myers,K,"exact name, slot agrees",1.000
4for4_offense,sandej1,Jason Sanders,NYJ,K,K,3124679,Jason Sanders,K,"exact name, slot agrees",1.000
4for4_offense,jennij1,Jauan Jennings,MIN,WR,WR,3886598,Jauan Jennings,WR,"exact name, slot agrees",1.000
4for4_offense,willij13,Javonte Williams,DAL,RB,RB,4361579,Javonte Williams,RB,"exact name, slot agrees",1.000
4for4_offense,jordaj1,Jawhar Jordan,HOU,RB,RB,4429939,Jawhar Jordan,RB,"exact name, slot agrees",1.000
4for4_offense,smithj10,Jaxon Smith-Njigba,SEA,WR,WR,4430878,Jaxon Smith-Njigba,WR,"exact name, slot agrees",1.000
4for4_offense,dartj1,Jaxson Dart,NYG,QB,QB,4689114,Jaxson Dart,QB,"exact name, slot agrees",1.000
4for4_offense,daniej1,Jayden Daniels,WAS,QB,QB,4426348,Jayden Daniels,QB,"exact name, slot agrees",1.000
4for4_offense,reedj6,Jayden Reed,GB,WR,WR,4362249,Jayden Reed,WR,"exact name, slot agrees",1.000
4for4_offense,bluej1,Jaydon Blue,DAL,RB,RB,4685279,Jaydon Blue,RB,"exact name, slot agrees",1.000
4for4_offense,waddlj1,Jaylen Waddle,DEN,WR,WR,4372016,Jaylen Waddle,WR,"exact name, slot agrees",1.000
4for4_offense,warrej1,Jaylen Warren,PIT,RB,RB,4569987,Jaylen Warren,RB,"exact name, slot agrees",1.000
4for4_offense,wrighj4,Jaylen Wright,MIA,RB,RB,4682745,Jaylen Wright,RB,"exact name, slot agrees",1.000
4for4_offense,lanej3,Jaylin Lane,WAS,WR,WR,4602667,Jaylin Lane,WR,"exact name, slot agrees",1.000
4for4_offense,noelj1,Jaylin Noel,HOU,WR,WR,4586312,Jaylin Noel,WR,"exact name, slot agrees",1.000
4for4_offense,lovej2,Jeremiyah Love,ARI,RB,RB,4870808,Jeremiyah Love,RB,"exact name, slot agrees",1.000
4for4_offense,mcnicj1,Jeremy McNichols,WAS,RB,RB,3127586,Jeremy McNichols,RB,"exact name, slot agrees",1.000
4for4_offense,ruckej1,Jeremy Ruckert,NYJ,TE,TE,4361372,Jeremy Ruckert,TE,"exact name, slot agrees",1.000
4for4_offense,fordj2,Jerome Ford,WAS,RB,RB,4372019,Jerome Ford,RB,"exact name, slot agrees",1.000
4for4_offense,jeudyj1,Jerry Jeudy,CLE,WR,WR,4241463,Jerry Jeudy,WR,"exact name, slot agrees",1.000
4for4_offense,jonesj11,Jeshaun Jones,MIN,WR,WR,4360637,Jeshaun Jones,WR,"exact name, slot agrees",1.000
4for4_offense,hornj2,Jimmy Horn,CAR,WR,WR,4708486,Jimmy Horn Jr.,WR,"exact name, slot agrees",1.000
4for4_offense,burroj1,Joe Burrow,CIN,QB,QB,3915511,Joe Burrow,QB,"exact name, slot agrees",1.000
4for4_offense,flaccj1,Joe Flacco,CIN,QB,QB,11252,Joe Flacco,QB,"exact name, slot agrees",1.000
4for4_offense,royerj1,Joe Royer,CLE,TE,TE,4565859,Joe Royer,TE,"exact name, slot agrees",1.000
4for4_offense,slyej1,Joey Slye,TEN,K,K,3124084,Joey Slye,K,"exact name, slot agrees",1.000
4for4_offense,batesj1,John Bates,WAS,TE,TE,4048228,John Bates,TE,"exact name, slot agrees",1.000
4for4_offense,metchj1,John Metchie,CAR,WR,WR,4567096,John Metchie III,WR,"exact name, slot agrees",1.000
4for4_offense,colemj1,Jonah Coleman,DEN,RB,RB,4702555,Jonah Coleman,RB,"exact name, slot agrees",1.000
4for4_offense,mingoj1,Jonathan Mingo,DAL,WR,WR,4426485,Jonathan Mingo,WR,"exact name, slot agrees",1.000
4for4_offense,tayloj2,Jonathan Taylor,IND,RB,RB,4242335,Jonathan Taylor,RB,"exact name, slot agrees",1.000
4for4_offense,brookj2,Jonathon Brooks,CAR,RB,RB,4678008,Jonathon Brooks,RB,"exact name, slot agrees",1.000
4for4_offense,addisj1,Jordan Addison,MIN,WR,WR,4429205,Jordan Addison,WR,"exact name, slot agrees",1.000
4for4_offense,jamesj3,Jordan James,SF,RB,RB,4685397,Jordan James,RB,"exact name, slot agrees",1.000
4for4_offense,lovej1,Jordan Love,GB,QB,QB,4036378,Jordan Love,QB,"exact name, slot agrees",1.000
4for4_offense,masonj1,Jordan Mason,MIN,RB,RB,4360569,Jordan Mason,RB,"exact name, slot agrees",1.000
4for4_offense,whittj1,Jordan Whittington,LAR,WR,WR,4569382,Jordan Whittington,WR,"exact name, slot agrees",1.000
4for4_offense,tysonj1,Jordyn Tyson,NO,WR,WR,4880281,Jordyn Tyson,WR,"exact name, slot agrees",1.000
4for4_offense,allenj3,Josh Allen,BUF,QB,QB,3918298,Josh Allen,QB,"exact name, slot agrees",1.000
4for4_offense,camerj2,Josh Cameron,JAX,WR,WR,4879194,Josh Cameron,WR,"exact name, slot agrees",1.000
4for4_offense,downsj1,Josh Downs,IND,WR,WR,4688813,Josh Downs,WR,"exact name, slot agrees",1.000
4for4_offense,jacobj1,Josh Jacobs,GB,RB,RB,4047365,Josh Jacobs,RB,"exact name, slot agrees",1.000
4for4_offense,olivej1,Josh Oliver,MIN,TE,TE,3921690,Josh Oliver,TE,"exact name, slot agrees",1.000
4for4_offense,whylej1,Josh Whyle,GB,TE,TE,4360086,Josh Whyle,TE,"exact name, slot agrees",1.000
4for4_offense,willij15,Josh Williams,TB,RB,RB,4568024,Josh Williams,RB,"exact name, slot agrees",1.000
4for4_offense,palmej3,Joshua Palmer,BUF,WR,WR,4242433,Joshua Palmer,WR,"exact name, slot agrees",1.000
4for4_offense,chestj1,Julius Chestnut,TEN,RB,RB,4367567,Julius Chestnut,RB,"exact name, slot agrees",1.000
4for4_offense,hillj6,Justice Hill,BAL,RB,RB,4038441,Justice Hill,RB,"exact name, slot agrees",1.000
4for4_offense,fieldj1,Justin Fields,KC,QB,QB,4362887,Justin Fields,QB,"exact name, slot agrees",1.000
4for4_offense,herbej1,Justin Herbert,LAC,QB,QB,4038941,Justin Herbert,QB,"exact name, slot agrees",1.000
4for4_offense,jeffej1,Justin Jefferson,MIN,WR,WR,4262921,Justin Jefferson,WR,hand_reviewed,
4for4_offense,jolyj1,Justin Joly,DEN,TE,TE,4912052,Justin Joly,TE,"exact name, slot agrees",1.000
4for4_offense,watsoj1,Justin Watson,HOU,WR,WR,3118892,Justin Watson,WR,"exact name, slot agrees",1.000
4for4_offense,johnsj16,Juwan Johnson,NO,TE,TE,3929645,Juwan Johnson,TE,"exact name, slot agrees",1.000
4for4_offense,concek1,KC Concepcion,CLE,WR,WR,4870653,KC Concepcion,WR,"exact name, slot agrees",1.000
4for4_offense,fairbk1,Ka'imi Fairbairn,HOU,K,K,2971573,Ka'imi Fairbairn,K,"exact name, slot agrees",1.000
4for4_offense,turpik1,KaVontae Turpin,DAL,WR,WR,3676833,KaVontae Turpin,WR,"exact name, slot agrees",1.000
4for4_offense,wetjek1,Kaden Wetjen,PIT,WR,WR,5081338,Kaden Wetjen,WR,"exact name, slot agrees",1.000
4for4_offense,blackk1,Kaelon Black,SF,RB,RB,4696044,Kaelon Black,RB,"exact name, slot agrees",1.000
4for4_offense,johnsk5,Kaleb Johnson,PIT,RB,RB,4819231,Kaleb Johnson,RB,"exact name, slot agrees",1.000
4for4_offense,raymok1,Kalif Raymond,CHI,WR,WR,2973405,Kalif Raymond,WR,"exact name, slot agrees",1.000
4for4_offense,johnsk4,Kameron Johnson,TB,WR,WR,5097554,Kameron Johnson,WR,"exact name, slot agrees",1.000
4for4_offense,matsuk1,Kansei Matsuzawa,LV,K,K,5158921,,,hand_reviewed,
4for4_offense,bouttk1,Kayshon Boutte,NE,WR,WR,4429022,Kayshon Boutte,WR,"exact name, slot agrees",1.000
4for4_offense,allenk4,Kaytron Allen,WAS,RB,RB,4685246,Kaytron Allen,RB,"exact name, slot agrees",1.000
4for4_offense,willik8,Ke'Shawn Williams,CIN,WR,WR,4570738,Ke'Shawn Williams,WR,"exact name, slot agrees",1.000
4for4_offense,lambek1,KeAndre Lambert-Smith,LAC,WR,WR,4430870,KeAndre Lambert-Smith,WR,"exact name, slot agrees",1.000
4for4_offense,mitchk1,Keaton Mitchell,LAC,RB,RB,4596334,Keaton Mitchell,RB,"exact name, slot agrees",1.000
4for4_offense,allenk1,Keenan Allen,IND,WR,WR,15818,Keenan Allen,WR,"exact name, slot agrees",1.000
4for4_offense,latuk1,Keleki Latu,BUF,TE,TE,4688552,Keleki Latu,TE,"exact name, slot agrees",1.000
4for4_offense,millek2,Kendre Miller,NO,RB,RB,4599739,Kendre Miller,RB,"exact name, slot agrees",1.000
4for4_offense,bournk1,Kendrick Bourne,ARI,WR,WR,3045523,Kendrick Bourne,WR,"exact name, slot agrees",1.000
4for4_offense,nwangk1,Kene Nwangwu,NYJ,RB,RB,4035537,Kene Nwangwu,RB,"exact name, slot agrees",1.000
4for4_offense,gainwk1,Kenneth Gainwell,TB,RB,RB,4371733,Kenny Gainwell,RB,hand_reviewed,
4for4_offense,walkek1,Kenneth Walker,KC,RB,RB,4567048,Kenneth Walker III,RB,"exact name, slot agrees",1.000
4for4_offense,pickek1,Kenny Pickett,CAR,QB,QB,4240703,Kenny Pickett,QB,"exact name, slot agrees",1.000
4for4_offense,sadiqk1,Kenyon Sadiq,NYJ,TE,TE,5083315,Kenyon Sadiq,TE,"exact name, slot agrees",1.000
4for4_offense,colemk1,Keon Coleman,BUF,WR,WR,4635008,Keon Coleman,WR,"exact name, slot agrees",1.000
4for4_offense,colemk2,Kevin Coleman,MIA,WR,WR,4685307,Kevin Coleman Jr.,WR,"exact name, slot agrees",1.000
4for4_offense,shakik1,Khalil Shakir,BUF,WR,WR,4373678,Khalil Shakir,WR,"exact name, slot agrees",1.000
4for4_offense,vidalk1,Kimani Vidal,LAC,RB,RB,4430968,Kimani Vidal,RB,"exact name, slot agrees",1.000
4for4_offense,cousik1,Kirk Cousins,LV,QB,QB,14880,Kirk Cousins,QB,"exact name, slot agrees",1.000
4for4_offense,mumpfk1,Konata Mumpfield,LAR,WR,WR,4710855,Konata Mumpfield,WR,"exact name, slot agrees",1.000
4for4_offense,allenk2,Kyle Allen,BUF,QB,QB,3115293,Kyle Allen,QB,"exact name, slot agrees",1.000
4for4_offense,juszck1,Kyle Juszczyk,SF,RB,RB,16002,Kyle Juszczyk,RB,"exact name, slot agrees",1.000
4for4_offense,monank1,Kyle Monangai,CHI,RB,RB,4608686,Kyle Monangai,RB,"exact name, slot agrees",1.000
4for4_offense,pittsk1,Kyle Pitts,ATL,TE,TE,4360248,Kyle Pitts Sr.,TE,"exact name, slot agrees",1.000
4for4_offense,willik7,Kyle Williams,NE,WR,WR,4613202,Kyle Williams,WR,"exact name, slot agrees",1.000
4for4_offense,gransk1,Kylen Granson,TEN,TE,TE,4039160,Kylen Granson,TE,"exact name, slot agrees",1.000
4for4_offense,murrak1,Kyler Murray,MIN,QB,QB,3917315,Kyler Murray,QB,"exact name, slot agrees",1.000
4for4_offense,willik6,Kyren Williams,LAR,RB,RB,4430737,Kyren Williams,RB,"exact name, slot agrees",1.000
4for4_offense,mcconl1,Ladd McConkey,LAC,WR,WR,4612826,Ladd McConkey,WR,"exact name, slot agrees",1.000
4for4_offense,jacksl1,Lamar Jackson,BAL,QB,QB,3916387,Lamar Jackson,QB,hand_reviewed,
4for4_offense,larisl1,Lan Larison,NE,RB,RB,4698253,Lan Larison,RB,"exact name, slot agrees",1.000
4for4_offense,allenl1,LeQuint Allen,JAX,RB,RB,4911851,LeQuint Allen Jr.,RB,"exact name, slot agrees",1.000
4for4_offense,humphl1,Lil'Jordan Humphrey,DEN,WR,WR,4039057,Lil'Jordan Humphrey,WR,"exact name, slot agrees",1.000
4for4_offense,farrel1,Luke Farrell,SF,TE,TE,4040612,Luke Farrell,TE,"exact name, slot agrees",1.000
4for4_offense,mccafl1,Luke McCaffrey,WAS,WR,WR,4426948,Luke McCaffrey,WR,"exact name, slot agrees",1.000
4for4_offense,musgrl1,Luke Musgrave,GB,TE,TE,4428085,Luke Musgrave,TE,"exact name, slot agrees",1.000
4for4_offense,school1,Luke Schoonmaker,DAL,TE,TE,4372096,Luke Schoonmaker,TE,"exact name, slot agrees",1.000
4for4_offense,burdel1,Luther Burden,CHI,WR,WR,4685278,Luther Burden III,WR,"exact name, slot agrees",1.000
4for4_offense,jonesm5,Mac Jones,SF,QB,QB,4241464,Mac Jones,QB,"exact name, slot agrees",1.000
4for4_offense,hollim1,Mack Hollins,NE,WR,WR,2991662,Mack Hollins,WR,"exact name, slot agrees",1.000
4for4_offense,lemonm1,Makai Lemon,PHI,WR,WR,4870795,Makai Lemon,WR,"exact name, slot agrees",1.000
4for4_offense,corlem1,Malachi Corley,CLE,WR,WR,4613104,Malachi Corley,WR,"exact name, slot agrees",1.000
4for4_offense,fieldm1,Malachi Fields,NYG,WR,WR,4682648,Malachi Fields,WR,"exact name, slot agrees",1.000
4for4_offense,bensom1,Malik Benson,LV,WR,WR,5150247,Malik Benson,WR,"exact name, slot agrees",1.000
4for4_offense,davism4,Malik Davis,DAL,RB,RB,4240603,Malik Davis,RB,"exact name, slot agrees",1.000
4for4_offense,naberm1,Malik Nabers,NYG,WR,WR,4595348,Malik Nabers,WR,"exact name, slot agrees",1.000
4for4_offense,washim2,Malik Washington,MIA,WR,WR,4569603,Malik Washington,WR,"exact name, slot agrees",1.000
4for4_offense,willim10,Malik Willis,MIA,QB,QB,4242512,Malik Willis,QB,"exact name, slot agrees",1.000
4for4_offense,lloydm1,MarShawn Lloyd,GB,RB,RB,4429023,MarShawn Lloyd,RB,"exact name, slot agrees",1.000
4for4_offense,mariom1,Marcus Mariota,WAS,QB,QB,2576980,Marcus Mariota,QB,"exact name, slot agrees",1.000
4for4_offense,andrem1,Mark Andrews,BAL,TE,TE,3116365,Mark Andrews,TE,"exact name, slot agrees",1.000
4for4_offense,valdem1,Marquez Valdes-Scantling,DAL,WR,WR,3051738,Marquez Valdes-Scantling,WR,"exact name, slot agrees",1.000
4for4_offense,harrim7,Marvin Harrison Jr.,ARI,WR,WR,4432708,Marvin Harrison Jr.,WR,"exact name, slot agrees",1.000
4for4_offense,mimsm1,Marvin Mims,DEN,WR,WR,4686472,Marvin Mims Jr.,WR,"exact name, slot agrees",1.000
4for4_offense,rudolm1,Mason Rudolph,PIT,QB,QB,3116407,Mason Rudolph,QB,"exact name, slot agrees",1.000
4for4_offense,taylom2,Mason Taylor,NYJ,TE,TE,4808766,Mason Taylor,TE,"exact name, slot agrees",1.000
4for4_offense,tiptom1,Mason Tipton,NO,WR,WR,4573697,Mason Tipton,WR,"exact name, slot agrees",1.000
4for4_offense,gaym1,Matt Gay,LV,K,K,4249087,Matt Gay,K,"exact name, slot agrees",1.000
4for4_offense,goldem1,Matthew Golden,GB,WR,WR,4701936,Matthew Golden,WR,"exact name, slot agrees",1.000
4for4_offense,hibnem1,Matthew Hibner,BAL,TE,TE,4432260,Matthew Hibner,TE,"exact name, slot agrees",1.000
4for4_offense,staffm1,Matthew Stafford,LAR,QB,QB,12483,Matthew Stafford,QB,"exact name, slot agrees",1.000
4for4_offense,cartem2,Michael Carter,TEN,RB,RB,4240657,Michael Carter,RB,hand_reviewed,
4for4_offense,mayerm1,Michael Mayer,LV,TE,TE,4429086,Michael Mayer,TE,"exact name, slot agrees",1.000
4for4_offense,penixm1,Michael Penix Jr.,ATL,QB,QB,4360423,Michael Penix Jr.,QB,"exact name, slot agrees",1.000
4for4_offense,pittmm2,Michael Pittman Jr.,PIT,WR,WR,4035687,Michael Pittman Jr.,WR,"exact name, slot agrees",1.000
4for4_offense,wilsom2,Michael Wilson,ARI,WR,WR,4360761,Michael Wilson,WR,"exact name, slot agrees",1.000
4for4_offense,evansm1,Mike Evans,SF,WR,WR,16737,Mike Evans,WR,"exact name, slot agrees",1.000
4for4_offense,gesicm1,Mike Gesicki,CIN,TE,TE,3116164,Mike Gesicki,TE,"exact name, slot agrees",1.000
4for4_offense,washim3,Mike Washington Jr.,LV,RB,RB,4686658,Mike Washington Jr.,RB,"exact name, slot agrees",1.000
4for4_offense,trubim1,Mitch Trubisky,TEN,QB,QB,3039707,Mitchell Trubisky,QB,hand_reviewed,
4for4_offense,evansm2,Mitchell Evans,CAR,TE,TE,4683243,Mitchell Evans,TE,"exact name, slot agrees",1.000
4for4_offense,tinslm1,Mitchell Tinsley,CIN,WR,WR,4690070,Mitchell Tinsley,WR,"exact name, slot agrees",1.000
4for4_offense,aliecm1,Mo Alie-Cox,IND,TE,TE,2998565,Mo Alie-Cox,TE,"exact name, slot agrees",1.000
4for4_offense,matavm1,Moliki Matavao,NO,TE,TE,4432731,Moliki Matavao,TE,"exact name, slot agrees",1.000
4for4_offense,pricem1,Myles Price,MIN,WR,WR,4430656,Myles Price,WR,"exact name, slot agrees",1.000
4for4_offense,adkinn1,Nate Adkins,DEN,TE,TE,4383440,Nate Adkins,TE,"exact name, slot agrees",1.000
4for4_offense,boerkn1,Nate Boerkircher,JAX,TE,TE,4686248,Nate Boerkircher,TE,"exact name, slot agrees",1.000
4for4_offense,carten1,Nathan Carter,ATL,RB,RB,4605841,Nathan Carter,RB,"exact name, slot agrees",1.000
4for4_offense,singln1,Nicholas Singleton,TEN,RB,RB,4685555,Nicholas Singleton,RB,"exact name, slot agrees",1.000
4for4_offense,folkn1,Nick Folk,ATL,K,K,10621,Nick Folk,K,"exact name, slot agrees",1.000
4for4_offense,mullen1,Nick Mullens,JAX,QB,QB,3059989,Nick Mullens,QB,"exact name, slot agrees",1.000
4for4_offense,westbn1,Nick Westbrook-Ikhine,IND,WR,WR,3929785,Nick Westbrook-Ikhine,WR,"exact name, slot agrees",1.000
4for4_offense,collin1,Nico Collins,HOU,WR,WR,4258173,Nico Collins,WR,"exact name, slot agrees",1.000
4for4_offense,fantn1,Noah Fant,NO,TE,TE,4036131,Noah Fant,TE,"exact name, slot agrees",1.000
4for4_offense,grayn1,Noah Gray,KC,TE,TE,4240472,Noah Gray,TE,"exact name, slot agrees",1.000
4for4_offense,zaccho1,Olamide Zaccheaus,ATL,WR,WR,3917914,Olamide Zaccheaus,WR,"exact name, slot agrees",1.000
4for4_offense,gordoo1,Ollie Gordon,MIA,RB,RB,4711533,Ollie Gordon II,RB,"exact name, slot agrees",1.000
4for4_offense,coopeo1,Omar Cooper Jr.,NYJ,WR,WR,4723820,Omar Cooper Jr.,WR,"exact name, slot agrees",1.000
4for4_offense,hampto1,Omarion Hampton,LAC,RB,RB,4685382,Omarion Hampton,RB,"exact name, slot agrees",1.000
4for4_offense,gadseo1,Oronde Gadsden,LAC,TE,TE,4595342,Oronde Gadsden,TE,"exact name, slot agrees",1.000
4for4_offense,delpo1,Oscar Delp,NO,TE,TE,4702559,Oscar Delp,TE,"exact name, slot agrees",1.000
4for4_offense,waship1,Parker Washington,JAX,WR,WR,4432620,Parker Washington,WR,"exact name, slot agrees",1.000
4for4_offense,bryanp1,Pat Bryant,DEN,WR,WR,4600981,Pat Bryant,WR,"exact name, slot agrees",1.000
4for4_offense,freiep1,Pat Freiermuth,PIT,TE,TE,4361411,Pat Freiermuth,TE,"exact name, slot agrees",1.000
4for4_offense,mahomp1,Patrick Mahomes,KC,QB,QB,3139477,Patrick Mahomes,QB,"exact name, slot agrees",1.000
4for4_offense,durhap1,Payne Durham,TB,TE,TE,4372505,Payne Durham,TE,"exact name, slot agrees",1.000
4for4_offense,mafahp1,Phil Mafah,DAL,RB,RB,4431562,Phil Mafah,RB,"exact name, slot agrees",1.000
4for4_offense,stronp1,Pierre Strong Jr.,GB,RB,RB,4249836,Pierre Strong Jr.,RB,"exact name, slot agrees",1.000
4for4_offense,nacuap1,Puka Nacua,LAR,WR,WR,4426515,Puka Nacua,WR,"exact name, slot agrees",1.000
4for4_offense,johnsq2,Quentin Johnston,LAC,WR,WR,4429025,Quentin Johnston,WR,"exact name, slot agrees",1.000
4for4_offense,ewersq1,Quinn Ewers,MIA,QB,QB,4889929,Quinn Ewers,QB,"exact name, slot agrees",1.000
4for4_offense,judkiq1,Quinshon Judkins,CLE,RB,RB,4685702,Quinshon Judkins,RB,"exact name, slot agrees",1.000
4for4_offense,harver1,RJ Harvey,DEN,RB,RB,4568490,RJ Harvey,RB,"exact name, slot agrees",1.000
4for4_offense,whiter5,Rachaad White,WAS,RB,RB,4697815,Rachaad White,RB,"exact name, slot agrees",1.000
4for4_offense,sander1,Raheim Sanders,CLE,RB,RB,4601080,Raheim Sanders,RB,"exact name, slot agrees",1.000
4for4_offense,ricer2,Rashee Rice,KC,WR,WR,4428331,Rashee Rice,WR,"exact name, slot agrees",1.000
4for4_offense,alir1,Rasheen Ali,BAL,RB,RB,4690013,Rasheen Ali,RB,"exact name, slot agrees",1.000
4for4_offense,shaher1,Rashid Shaheed,SEA,WR,WR,4032473,Rashid Shaheed,WR,"exact name, slot agrees",1.000
4for4_offense,batemr1,Rashod Bateman,BAL,WR,WR,4360939,Rashod Bateman,WR,"exact name, slot agrees",1.000
4for4_offense,davisr7,Ray Davis,BUF,RB,RB,4429501,Ray Davis,RB,"exact name, slot agrees",1.000
4for4_offense,stever1,Rhamondre Stevenson,NE,RB,RB,4569173,Rhamondre Stevenson,RB,"exact name, slot agrees",1.000
4for4_offense,dowdlr1,Rico Dowdle,PIT,RB,RB,4038815,Rico Dowdle,RB,"exact name, slot agrees",1.000
4for4_offense,nowakr1,Riley Nowakowski,PIT,TE,TE,4693370,Riley Nowakowski,RB,hand_reviewed,
4for4_offense,patter1,Riley Patterson,MIA,K,K,4243371,Riley Patterson,K,"exact name, slot agrees",1.000
4for4_offense,wilsor2,Roman Wilson,PIT,WR,WR,4431492,Roman Wilson,WR,"exact name, slot agrees",1.000
4for4_offense,odunzr1,Rome Odunze,CHI,WR,WR,4431299,Rome Odunze,WR,"exact name, slot agrees",1.000
4for4_offense,doubsr1,Romeo Doubs,NE,WR,WR,4361432,Romeo Doubs,WR,"exact name, slot agrees",1.000
4for4_offense,riverr1,Ronnie Rivers,LAR,RB,RB,4243003,Ronnie Rivers,RB,"exact name, slot agrees",1.000
4for4_offense,johnsr5,Roschon Johnson,CHI,RB,RB,4426386,Roschon Johnson,RB,"exact name, slot agrees",1.000
4for4_offense,fitzgr1,Ryan Fitzgerald,CAR,K,K,4568263,Ryan Fitzgerald,K,"exact name, slot agrees",1.000
4for4_offense,flourr1,Ryan Flournoy,DAL,WR,WR,5083754,Ryan Flournoy,WR,"exact name, slot agrees",1.000
4for4_offense,darnos1,Sam Darnold,SEA,QB,QB,3912547,Sam Darnold,QB,"exact name, slot agrees",1.000
4for4_offense,howels1,Sam Howell,DAL,QB,QB,4426875,Sam Howell,QB,"exact name, slot agrees",1.000
4for4_offense,lapors1,Sam LaPorta,DET,TE,TE,4430027,Sam LaPorta,TE,"exact name, slot agrees",1.000
4for4_offense,roushs1,Sam Roush,CHI,TE,TE,4685504,Sam Roush,TE,"exact name, slot agrees",1.000
4for4_offense,perins1,Samaje Perine,CIN,RB,RB,3116389,Samaje Perine,RB,"exact name, slot agrees",1.000
4for4_offense,barkls1,Saquon Barkley,PHI,RB,RB,3929630,Saquon Barkley,RB,"exact name, slot agrees",1.000
4for4_offense,willis4,Savion Williams,GB,WR,WR,4431487,Savion Williams,WR,"exact name, slot agrees",1.000
4for4_offense,matlos1,Scott Matlock,LAC,RB,RB,4373684,Scott Matlock,RB,"exact name, slot agrees",1.000
4for4_offense,tuckes1,Sean Tucker,TB,RB,RB,4430871,Sean Tucker,RB,"exact name, slot agrees",1.000
4for4_offense,mcgows1,Seth McGowan,IND,RB,RB,4686468,Seth McGowan,RB,"exact name, slot agrees",1.000
4for4_offense,traors1,Seydou Traore,MIA,TE,TE,4714379,Seydou Traore,TE,"exact name, slot agrees",1.000
4for4_offense,sandes2,Shedeur Sanders,CLE,QB,QB,4432762,Shedeur Sanders,QB,"exact name, slot agrees",1.000
4for4_offense,vakis1,Sione Vaki,DET,RB,RB,4912274,Sione Vaki,RB,"exact name, slot agrees",1.000
4for4_offense,bells1,Skyler Bell,BUF,WR,WR,4683153,Skyler Bell,WR,"exact name, slot agrees",1.000
4for4_offense,moores1,Skyy Moore,GB,WR,WR,4430191,Skyy Moore,WR,"exact name, slot agrees",1.000
4for4_offense,rattls1,Spencer Rattler,NO,QB,QB,4426339,Spencer Rattler,QB,"exact name, slot agrees",1.000
4for4_offense,shrads1,Spencer Shrader,IND,K,K,4571557,Spencer Shrader,K,"exact name, slot agrees",1.000
4for4_offense,diggss1,Stefon Diggs,WAS,WR,WR,2976212,Stefon Diggs,WR,"exact name, slot agrees",1.000
4for4_offense,hocket1,T.J. Hockenson,MIN,TE,TE,4036133,T.J. Hockenson,TE,"exact name, slot agrees",1.000
4for4_offense,brookt2,Tahj Brooks,CIN,RB,RB,4429299,Tahj Brooks,RB,"exact name, slot agrees",1.000
4for4_offense,feltot1,Tai Felton,MIN,WR,WR,4565185,Tai Felton,WR,"exact name, slot agrees",1.000
4for4_offense,bigsbt1,Tank Bigsby,PHI,RB,RB,4429013,Tank Bigsby,RB,"exact name, slot agrees",1.000
4for4_offense,dellt1,Tank Dell,HOU,WR,WR,4366031,Tank Dell,WR,"exact name, slot agrees",1.000
4for4_offense,brownt4,Tanner Brown,NO,K,K,4696736,Tanner Brown,K,"exact name, slot agrees",1.000
4for4_offense,hudsot1,Tanner Hudson,CIN,TE,TE,3050481,Tanner Hudson,TE,"exact name, slot agrees",1.000
4for4_offense,hurstt1,Ted Hurst,TB,WR,WR,5220680,Ted Hurst III,WR,"exact name, slot agrees",1.000
4for4_offense,higgit1,Tee Higgins,CIN,WR,WR,4239993,Tee Higgins,WR,"exact name, slot agrees",1.000
4for4_offense,fergut1,Terrance Ferguson,LAR,TE,TE,4570037,Terrance Ferguson,TE,"exact name, slot agrees",1.000
4for4_offense,mclaut1,Terry McLaurin,WAS,WR,WR,3121422,Terry McLaurin,WR,"exact name, slot agrees",1.000
4for4_offense,mcmilt1,Tetairoa McMillan,CAR,WR,WR,4685472,Tetairoa McMillan,WR,"exact name, slot agrees",1.000
4for4_offense,johnst5,Tez Johnson,TB,WR,WR,4608810,Tez Johnson,WR,"exact name, slot agrees",1.000
4for4_offense,johnst4,Theo Johnson,NYG,TE,TE,4429148,Theo Johnson,TE,"exact name, slot agrees",1.000
4for4_offense,patrit1,Tim Patrick,NYJ,WR,WR,3134353,Tim Patrick,WR,"exact name, slot agrees",1.000
4for4_offense,reimat1,Tip Reiman,ARI,TE,TE,4696700,Tip Reiman,TE,"exact name, slot agrees",1.000
4for4_offense,kennet1,Tom Kennedy,DET,WR,WR,3126997,Tom Kennedy,WR,"exact name, slot agrees",1.000
4for4_offense,devitt1,Tommy DeVito,NE,QB,QB,4240391,Tommy DeVito,QB,"exact name, slot agrees",1.000
4for4_offense,trembt1,Tommy Tremble,CAR,TE,TE,4372780,Tommy Tremble,TE,"exact name, slot agrees",1.000
4for4_offense,pollat1,Tony Pollard,TEN,RB,RB,3916148,Tony Pollard,RB,"exact name, slot agrees",1.000
4for4_offense,hortot1,Tory Horton,SEA,WR,WR,4597703,Tory Horton,WR,"exact name, slot agrees",1.000
4for4_offense,etient1,Travis Etienne,NO,RB,RB,4239996,Travis Etienne Jr.,RB,"exact name, slot agrees",1.000
4for4_offense,huntet1,Travis Hunter,JAX,WR,WR,4685415,Travis Hunter,WR,"exact name, slot agrees",1.000
4for4_offense,kelcet1,Travis Kelce,KC,TE,TE,15847,Travis Kelce,TE,"exact name, slot agrees",1.000
4for4_offense,tucket1,Tre Tucker,LV,WR,WR,4428718,Tre Tucker,WR,"exact name, slot agrees",1.000
4for4_offense,harrit1,Tre' Harris,LAC,WR,WR,4686612,Tre' Harris,WR,"exact name, slot agrees",1.000
4for4_offense,hendet1,TreVeyon Henderson,NE,RB,RB,4432710,TreVeyon Henderson,RB,"exact name, slot agrees",1.000
4for4_offense,etient2,Trevor Etienne,CAR,RB,RB,4685350,Trevor Etienne,RB,"exact name, slot agrees",1.000
4for4_offense,lawret1,Trevor Lawrence,JAX,QB,QB,4360310,Trevor Lawrence,QB,"exact name, slot agrees",1.000
4for4_offense,lancet1,Trey Lance,LAC,QB,QB,4383351,Trey Lance,QB,"exact name, slot agrees",1.000
4for4_offense,mcbrit2,Trey McBride,ARI,TE,TE,4361307,Trey McBride,TE,"exact name, slot agrees",1.000
4for4_offense,smackt1,Trey Smack,GB,K,K,4869461,Trey Smack,K,"exact name, slot agrees",1.000
4for4_offense,burkst1,Treylon Burks,WAS,WR,WR,4567156,Treylon Burks,WR,"exact name, slot agrees",1.000
4for4_offense,frankt1,Troy Franklin,DEN,WR,WR,4431280,Troy Franklin,WR,"exact name, slot agrees",1.000
4for4_offense,tagovt1,Tua Tagovailoa,ATL,QB,QB,4241479,Tua Tagovailoa,QB,"exact name, slot agrees",1.000
4for4_offense,kraftt1,Tucker Kraft,GB,TE,TE,4572680,Tucker Kraft,TE,"exact name, slot agrees",1.000
4for4_offense,atwelt1,Tutu Atwell,MIA,WR,WR,4360797,Tutu Atwell,WR,"exact name, slot agrees",1.000
4for4_offense,johnst1,Ty Johnson,BUF,RB,RB,3915411,Ty Johnson,RB,"exact name, slot agrees",1.000
4for4_offense,simpst1,Ty Simpson,LAR,QB,QB,4685522,Ty Simpson,QB,"exact name, slot agrees",1.000
4for4_offense,speart1,Tyjae Spears,TEN,RB,RB,4428557,Tyjae Spears,RB,"exact name, slot agrees",1.000
4for4_offense,allget1,Tyler Allgeier,ARI,RB,RB,4373626,Tyler Allgeier,RB,"exact name, slot agrees",1.000
4for4_offense,basst1,Tyler Bass,BUF,K,K,3917232,Tyler Bass,K,"exact name, slot agrees",1.000
4for4_offense,conklt1,Tyler Conklin,DET,TE,TE,3915486,Tyler Conklin,TE,"exact name, slot agrees",1.000
4for4_offense,goodst1,Tyler Goodson,ATL,RB,RB,4429676,Tyler Goodson,RB,"exact name, slot agrees",1.000
4for4_offense,higbet1,Tyler Higbee,LAR,TE,TE,2573401,Tyler Higbee,TE,"exact name, slot agrees",1.000
4for4_offense,huntlt1,Tyler Huntley,BAL,QB,QB,4035671,Tyler Huntley,QB,"exact name, slot agrees",1.000
4for4_offense,loopt1,Tyler Loop,BAL,K,K,4697745,Tyler Loop,K,"exact name, slot agrees",1.000
4for4_offense,shougt1,Tyler Shough,NO,QB,QB,4360689,Tyler Shough,QB,"exact name, slot agrees",1.000
4for4_offense,warret1,Tyler Warren,IND,TE,TE,4431459,Tyler Warren,TE,"exact name, slot agrees",1.000
4for4_offense,thornt1,Tyquan Thornton,KC,WR,WR,4362921,Tyquan Thornton,WR,"exact name, slot agrees",1.000
4for4_offense,shavet1,Tyrell Shavers,BUF,WR,WR,4241476,Tyrell Shavers,WR,"exact name, slot agrees",1.000
4for4_offense,taylot2,Tyrod Taylor,GB,QB,QB,14163,Tyrod Taylor,QB,"exact name, slot agrees",1.000
4for4_offense,tracyt1,Tyrone Tracy,NYG,RB,RB,4360516,Tyrone Tracy Jr.,RB,"exact name, slot agrees",1.000
4for4_offense,bagent1,Tyson Bagent,CHI,QB,QB,4434153,Tyson Bagent,QB,"exact name, slot agrees",1.000
4for4_offense,robinw1,Wan'Dale Robinson,TEN,WR,WR,4569587,Wan'Dale Robinson,WR,"exact name, slot agrees",1.000
4for4_offense,lutzw1,Wil Lutz,DEN,K,K,2985659,Wil Lutz,K,"exact name, slot agrees",1.000
4for4_offense,kacmaw1,Will Kacmarek,MIA,TE,TE,4880236,Will Kacmarek,TE,"exact name, slot agrees",1.000
4for4_offense,mallow1,Will Mallory,IND,TE,TE,4362523,Will Mallory,TE,"exact name, slot agrees",1.000
4for4_offense,reichw1,Will Reichard,MIN,K,K,4567104,Will Reichard,K,"exact name, slot agrees",1.000
4for4_offense,shiplw1,Will Shipley,PHI,RB,RB,4431545,Will Shipley,RB,"exact name, slot agrees",1.000
4for4_offense,marksw1,Woody Marks,HOU,RB,RB,4429059,Woody Marks,RB,"exact name, slot agrees",1.000
4for4_offense,hutchx1,Xavier Hutchinson,HOU,WR,WR,4686422,Xavier Hutchinson,WR,"exact name, slot agrees",1.000
4for4_offense,legetx1,Xavier Legette,CAR,WR,WR,4430034,Xavier Legette,WR,"exact name, slot agrees",1.000
4for4_offense,smithx1,Xavier Smith,LAR,WR,WR,4386544,Xavier Smith,WR,"exact name, slot agrees",1.000
4for4_offense,weavex1,Xavier Weaver,ARI,WR,WR,4428811,Xavier Weaver,WR,"exact name, slot agrees",1.000
4for4_offense,worthx1,Xavier Worthy,KC,WR,WR,4683062,Xavier Worthy,WR,"exact name, slot agrees",1.000
4for4_offense,charbz1,Zach Charbonnet,SEA,RB,RB,4426385,Zach Charbonnet,RB,"exact name, slot agrees",1.000
4for4_offense,brancz1,Zachariah Branch,ATL,WR,WR,4870612,Zachariah Branch,WR,"exact name, slot agrees",1.000
4for4_offense,scottz1,Zavier Scott,MIN,RB,RB,4257364,Zavier Scott,RB,"exact name, slot agrees",1.000
4for4_offense,thomaz1,Zavion Thomas,CHI,WR,WR,4869748,Zavion Thomas,WR,"exact name, slot agrees",1.000
4for4_offense,flowez1,Zay Flowers,BAL,WR,WR,4429615,Zay Flowers,WR,"exact name, slot agrees",1.000
fantasypros_idp,95:AJ Haulcy,AJ Haulcy,IND,S,DB,4905664,A.J. Haulcy,S,"exact name, slot agrees",1.000
fantasypros_idp,99:Abdul Carter,Abdul Carter,NYG,DE,DL,4725996,Abdul Carter,DE,"exact name, slot agrees",1.000
fantasypros_idp,16:Aidan Hutchinson,Aidan Hutchinson,DET,DE,DL,4372099,Aidan Hutchinson,DE,"exact name, slot agrees",1.000
fantasypros_idp,112:Akeem Davis-Gaither,Akeem Davis-Gaither,IND,LB,LB,3917142,Akeem Davis-Gaither,LB,"exact name, slot agrees",1.000
fantasypros_idp,51:Alex Anzalone,Alex Anzalone,TB,LB,LB,3043107,Alex Anzalone,LB,"exact name, slot agrees",1.000
fantasypros_idp,88:Alex Highsmith,Alex Highsmith,PIT,LB,LB,4037333,Alex Highsmith,DE,hand_reviewed,
fantasypros_idp,18:Alex Singleton,Alex Singleton,DEN,LB,LB,2612151,Alex Singleton,LB,"exact name, slot agrees",1.000
fantasypros_idp,175:Alex Wright,Alex Wright,CLE,DE,DL,4570119,Alex Wright,DE,"exact name, slot agrees",1.000
fantasypros_idp,105:Alontae Taylor,Alontae Taylor,TEN,CB,DB,4369835,Alontae Taylor,CB,"exact name, slot agrees",1.000
fantasypros_idp,188:Andrew Mukuba,Andrew Mukuba,PHI,S,DB,4602197,Andrew Mukuba,S,"exact name, slot agrees",1.000
fantasypros_idp,74:Andrew Van Ginkel,Andrew Van Ginkel,MIN,LB,LB,3133487,Andrew Van Ginkel,DE,hand_reviewed,
fantasypros_idp,154:Andrew Wingard,Andrew Wingard,ARI,S,DB,3918331,Andrew Wingard,S,"exact name, slot agrees",1.000
fantasypros_idp,92:Anthony Hill Jr.,Anthony Hill Jr.,TEN,LB,LB,4870805,Anthony Hill Jr.,LB,"exact name, slot agrees",1.000
fantasypros_idp,52:Antoine Winfield Jr.,Antoine Winfield Jr.,TB,S,DB,4034790,Antoine Winfield Jr.,S,"exact name, slot agrees",1.000
fantasypros_idp,185:Antonio Johnson,Antonio Johnson,JAC,S,DB,4429168,Antonio Johnson,S,"exact name, slot agrees",1.000
fantasypros_idp,80:Arvell Reese,Arvell Reese,NYG,LB,LB,4950400,Arvell Reese,LB,"exact name, slot agrees",1.000
fantasypros_idp,140:Austin Booker,Austin Booker,CHI,LB,LB,4683553,Austin Booker,DE,hand_reviewed,
fantasypros_idp,35:Azeez Al-Shaair,Azeez Al-Shaair,HOU,LB,LB,3919117,Azeez Al-Shaair,LB,"exact name, slot agrees",1.000
fantasypros_idp,48:Barrett Carter,Barrett Carter,CIN,LB,LB,4431519,Barrett Carter,LB,"exact name, slot agrees",1.000
fantasypros_idp,7:Blake Cashman,Blake Cashman,MIN,LB,LB,3728281,Blake Cashman,LB,"exact name, slot agrees",1.000
fantasypros_idp,161:Boye Mafe,Boye Mafe,CIN,DE,DL,4240754,Boye Mafe,DE,"exact name, slot agrees",1.000
fantasypros_idp,195:Braden Fiske,Braden Fiske,LAR,DT,DL,4362245,Braden Fiske,DT,"exact name, slot agrees",1.000
fantasypros_idp,125:Bradley Chubb,Bradley Chubb,BUF,LB,LB,3116733,Bradley Chubb,DE,hand_reviewed,
fantasypros_idp,110:Brandon Jones,Brandon Jones,DEN,S,DB,4039059,Brandon Jones,S,"exact name, slot agrees",1.000
fantasypros_idp,68:Brian Branch,Brian Branch,DET,S,DB,4692025,Brian Branch,S,"exact name, slot agrees",1.000
fantasypros_idp,65:Brian Burns,Brian Burns,NYG,DE,DL,4035631,Brian Burns,DE,"exact name, slot agrees",1.000
fantasypros_idp,174:Bryce Boettcher,Bryce Boettcher,IND,LB,LB,5088571,Bryce Boettcher,LB,"exact name, slot agrees",1.000
fantasypros_idp,34:Budda Baker,Budda Baker,ARI,S,DB,3127287,Budda Baker,S,"exact name, slot agrees",1.000
fantasypros_idp,172:Byron Murphy II,Byron Murphy II,SEA,DT,DL,4570040,Byron Murphy II,DT,hand_reviewed,
fantasypros_idp,78:Byron Young,Byron Young,LAR,DE,DL,4875196,Byron Young,DE,hand_reviewed,
fantasypros_idp,31:CJ Allen,CJ Allen,IND,LB,LB,4870598,CJ Allen,LB,"exact name, slot agrees",1.000
fantasypros_idp,72:Caleb Downs,Caleb Downs,DAL,S,DB,4870706,Caleb Downs,S,"exact name, slot agrees",1.000
fantasypros_idp,197:Calijah Kancey,Calijah Kancey,TB,DT,DL,4427673,Calijah Kancey,DT,"exact name, slot agrees",1.000
fantasypros_idp,131:Cam Bynum,Cam Bynum,IND,S,DB,4035861,Cam Bynum,S,"exact name, slot agrees",1.000
fantasypros_idp,128:Cameron Heyward,Cameron Heyward,PIT,DT,DL,13977,Cameron Heyward,DT,"exact name, slot agrees",1.000
fantasypros_idp,170:Cameron Jordan,Cameron Jordan,NO,DE,DL,13971,Cameron Jordan,DE,"exact name, slot agrees",1.000
fantasypros_idp,151:Carl Granderson,Carl Granderson,NO,DE,DL,3918310,Carl Granderson,DE,"exact name, slot agrees",1.000
fantasypros_idp,3:Carson Schwesinger,Carson Schwesinger,CLE,LB,LB,4876017,Carson Schwesinger,LB,"exact name, slot agrees",1.000
fantasypros_idp,15:Cedric Gray,Cedric Gray,TEN,LB,LB,4429834,Cedric Gray,LB,"exact name, slot agrees",1.000
fantasypros_idp,58:Chamarri Conner,Chamarri Conner,KC,S,DB,4361964,Chamarri Conner,S,"exact name, slot agrees",1.000
fantasypros_idp,113:Chase Young,Chase Young,NO,DE,DL,4241986,Chase Young,DE,"exact name, slot agrees",1.000
fantasypros_idp,168:Chop Robinson,Chop Robinson,MIA,DE,DL,4431586,Chop Robinson,DE,"exact name, slot agrees",1.000
fantasypros_idp,141:Chris Jones,Chris Jones,KC,DT,DL,3044859,Chris Jones,DT,hand_reviewed,
fantasypros_idp,124:Christian Elliss,Christian Elliss,NE,LB,LB,4245273,Christian Elliss,LB,"exact name, slot agrees",1.000
fantasypros_idp,134:Christian Harris,Christian Harris,ATL,LB,LB,4567099,Christian Harris,LB,"exact name, slot agrees",1.000
fantasypros_idp,191:Christian Rozeboom,Christian Rozeboom,TB,LB,LB,3909013,Christian Rozeboom,LB,"exact name, slot agrees",1.000
fantasypros_idp,196:Coby Bryant,Coby Bryant,CHI,CB,DB,4239094,Coby Bryant,S,"exact name, slot agrees",1.000
fantasypros_idp,144:Cody Barton,Cody Barton,TEN,LB,LB,3926229,Cody Barton,LB,"exact name, slot agrees",1.000
fantasypros_idp,91:Cody Simon,Cody Simon,ARI,LB,LB,4429071,Cody Simon,LB,"exact name, slot agrees",1.000
fantasypros_idp,127:Cole Bishop,Cole Bishop,BUF,S,DB,4676004,Cole Bishop,S,"exact name, slot agrees",1.000
fantasypros_idp,69:Cooper DeJean,Cooper DeJean,PHI,CB,DB,4682618,Cooper DeJean,CB,"exact name, slot agrees",1.000
fantasypros_idp,173:D'Angelo Ponds,D'Angelo Ponds,NYJ,CB,DB,5118340,D'Angelo Ponds,CB,"exact name, slot agrees",1.000
fantasypros_idp,164:DaRon Bland,DaRon Bland,DAL,CB,DB,4248911,DaRon Bland,CB,"exact name, slot agrees",1.000
fantasypros_idp,32:Daiyan Henley,Daiyan Henley,LAC,LB,LB,4241597,Daiyan Henley,LB,"exact name, slot agrees",1.000
fantasypros_idp,96:Dallas Turner,Dallas Turner,MIN,DE,DL,4565190,Dallas Turner,DE,"exact name, slot agrees",1.000
fantasypros_idp,59:Danielle Hunter,Danielle Hunter,HOU,DE,DL,2976560,Danielle Hunter,DE,"exact name, slot agrees",1.000
fantasypros_idp,180:Danny Stutsman,Danny Stutsman,NO,LB,LB,4683215,Danny Stutsman,LB,"exact name, slot agrees",1.000
fantasypros_idp,143:David Bailey,David Bailey,NYJ,DE,DL,4685248,David Bailey,DE,"exact name, slot agrees",1.000
fantasypros_idp,166:Dax Hill,Dax Hill,CIN,S,DB,4426422,Dax Hill,CB,"exact name, slot agrees",1.000
fantasypros_idp,93:DeForest Buckner,DeForest Buckner,IND,DT,DL,2971282,DeForest Buckner,DT,"exact name, slot agrees",1.000
fantasypros_idp,146:DeMarcus Lawrence,DeMarcus Lawrence,SEA,DE,DL,16802,DeMarcus Lawrence,DE,"exact name, slot agrees",1.000
fantasypros_idp,64:DeMarvion Overshown,DeMarvion Overshown,DAL,LB,LB,4362088,DeMarvion Overshown,LB,"exact name, slot agrees",1.000
fantasypros_idp,63:DeShon Elliott,DeShon Elliott,PIT,S,DB,3929846,DeShon Elliott,S,"exact name, slot agrees",1.000
fantasypros_idp,61:Dee Winters,Dee Winters,DAL,LB,LB,4428914,Dee Winters,LB,"exact name, slot agrees",1.000
fantasypros_idp,55:Demario Davis,Demario Davis,NYJ,LB,LB,14958,Demario Davis,LB,"exact name, slot agrees",1.000
fantasypros_idp,77:Demetrius Knight Jr.,Demetrius Knight Jr.,CIN,LB,LB,4427729,Demetrius Knight Jr.,LB,"exact name, slot agrees",1.000
fantasypros_idp,138:Denzel Perryman,Denzel Perryman,LAC,LB,LB,2579621,Denzel Perryman,LB,"exact name, slot agrees",1.000
fantasypros_idp,136:Derrick Barnes,Derrick Barnes,DET,LB,LB,4260409,Derrick Barnes,LB,"exact name, slot agrees",1.000
fantasypros_idp,130:Derrick Brown,Derrick Brown,CAR,DT,DL,4035495,Derrick Brown,DT,"exact name, slot agrees",1.000
fantasypros_idp,26:Derwin James Jr.,Derwin James Jr.,LAC,S,DB,3691739,Derwin James Jr.,S,"exact name, slot agrees",1.000
fantasypros_idp,33:Devin Bush Jr.,Devin Bush Jr.,CHI,LB,LB,4036261,Devin Bush,LB,"exact name, slot agrees",1.000
fantasypros_idp,29:Devin Lloyd,Devin Lloyd,CAR,LB,LB,4243256,Devin Lloyd,LB,"exact name, slot agrees",1.000
fantasypros_idp,184:Devin White,Devin White,DET,LB,LB,4035434,Devin White,LB,"exact name, slot agrees",1.000
fantasypros_idp,98:Devon Witherspoon,Devon Witherspoon,SEA,CB,DB,4575431,Devon Witherspoon,CB,"exact name, slot agrees",1.000
fantasypros_idp,159:Dexter Lawrence II,Dexter Lawrence II,CIN,DT,DL,4035483,Dexter Lawrence II,DT,"exact name, slot agrees",1.000
fantasypros_idp,81:Dillon Thieneman,Dillon Thieneman,CHI,S,DB,4954445,Dillon Thieneman,S,"exact name, slot agrees",1.000
fantasypros_idp,47:Divine Deablo,Divine Deablo,ATL,LB,LB,4037626,Divine Deablo,LB,"exact name, slot agrees",1.000
fantasypros_idp,198:Donovan Ezeiruaku,Donovan Ezeiruaku,DAL,DE,DL,4683848,Donovan Ezeiruaku,DE,"exact name, slot agrees",1.000
fantasypros_idp,89:Drake Thomas,Drake Thomas,SEA,LB,LB,4428659,Drake Thomas,LB,"exact name, slot agrees",1.000
fantasypros_idp,101:Dre Greenlaw,Dre Greenlaw,SF,LB,LB,3916903,Dre Greenlaw,LB,"exact name, slot agrees",1.000
fantasypros_idp,181:Dru Phillips,Dru Phillips,NYG,CB,DB,4431321,Dru Phillips,CB,"exact name, slot agrees",1.000
fantasypros_idp,75:Drue Tranquill,Drue Tranquill,KC,LB,LB,3129310,Drue Tranquill,LB,"exact name, slot agrees",1.000
fantasypros_idp,189:Ed Oliver,Ed Oliver,BUF,DT,DL,4039303,Ed Oliver,DT,"exact name, slot agrees",1.000
fantasypros_idp,21:Edgerrin Cooper,Edgerrin Cooper,GB,LB,LB,4430438,Edgerrin Cooper,LB,"exact name, slot agrees",1.000
fantasypros_idp,66:Eric Wilson,Eric Wilson,MIN,LB,LB,3056916,Eric Wilson,LB,"exact name, slot agrees",1.000
fantasypros_idp,5:Ernest Jones IV,Ernest Jones IV,SEA,LB,LB,4362851,Ernest Jones IV,LB,"exact name, slot agrees",1.000
fantasypros_idp,6:Foyesade Oluokun,Foyesade Oluokun,JAC,LB,LB,3050073,Foyesade Oluokun,LB,"exact name, slot agrees",1.000
fantasypros_idp,94:Frankie Luvu,Frankie Luvu,WAS,LB,LB,3127273,Frankie Luvu,LB,"exact name, slot agrees",1.000
fantasypros_idp,8:Fred Warner,Fred Warner,SF,LB,LB,3138826,Fred Warner,LB,"exact name, slot agrees",1.000
fantasypros_idp,114:George Karlaftis III,George Karlaftis III,KC,DE,DL,4426659,George Karlaftis,DE,"exact name, slot agrees",1.000
fantasypros_idp,142:Grant Delpit,Grant Delpit,CLE,S,DB,4242208,Grant Delpit,S,"exact name, slot agrees",1.000
fantasypros_idp,122:Greg Rousseau,Greg Rousseau,BUF,DE,DL,4362506,Greg Rousseau,DE,"exact name, slot agrees",1.000
fantasypros_idp,117:Harold Landry III,Harold Landry III,NE,LB,LB,3122793,Harold Landry III,DE,hand_reviewed,
fantasypros_idp,109:Henry To'oTo'o,Henry To'oTo'o,HOU,LB,LB,4426350,Henry To'oTo'o,LB,"exact name, slot agrees",1.000
fantasypros_idp,2:Jack Campbell,Jack Campbell,DET,LB,LB,4569465,Jack Campbell,LB,"exact name, slot agrees",1.000
fantasypros_idp,203:Jack Sanborn,Jack Sanborn,CHI,LB,LB,4372576,Jack Sanborn,LB,"exact name, slot agrees",1.000
fantasypros_idp,178:Jacob Rodriguez,Jacob Rodriguez,MIA,LB,LB,4566094,Jacob Rodriguez,LB,"exact name, slot agrees",1.000
fantasypros_idp,108:Jaelan Phillips,Jaelan Phillips,CAR,DE,DL,4242975,Jaelan Phillips,DE,"exact name, slot agrees",1.000
fantasypros_idp,162:Jaishawn Barham,Jaishawn Barham,DAL,LB,LB,4685266,Jaishawn Barham,LB,"exact name, slot agrees",1.000
fantasypros_idp,200:Jake Golday,Jake Golday,MIN,LB,LB,4877652,Jake Golday,LB,"exact name, slot agrees",1.000
fantasypros_idp,133:Jalen Carter,Jalen Carter,PHI,DT,DL,4685759,Jalen Carter,DT,"exact name, slot agrees",1.000
fantasypros_idp,70:Jalen Pitre,Jalen Pitre,HOU,S,DB,4241223,Jalen Pitre,CB,"exact name, slot agrees",1.000
fantasypros_idp,177:Jalen Ramsey,Jalen Ramsey,PIT,CB,DB,3045373,Jalen Ramsey,CB,"exact name, slot agrees",1.000
fantasypros_idp,179:Jalen Redmond,Jalen Redmond,MIN,DE,DL,4360277,Jalen Redmond,DT,"exact name, slot agrees",1.000
fantasypros_idp,120:Jalen Thompson,Jalen Thompson,DAL,S,DB,4043089,Jalen Thompson,S,"exact name, slot agrees",1.000
fantasypros_idp,193:Jalyx Hunt,Jalyx Hunt,PHI,LB,LB,4571162,Jalyx Hunt,DE,hand_reviewed,
fantasypros_idp,169:James Pearce Jr.,James Pearce Jr.,ATL,DE,DL,5081394,James Pearce Jr.,DE,"exact name, slot agrees",1.000
fantasypros_idp,11:Jamien Sherwood,Jamien Sherwood,NYJ,LB,LB,4361331,Jamien Sherwood,LB,"exact name, slot agrees",1.000
fantasypros_idp,90:Jaquan Brisker,Jaquan Brisker,PIT,S,DB,4570044,Jaquan Brisker,S,"exact name, slot agrees",1.000
fantasypros_idp,86:Jared Verse,Jared Verse,CLE,DE,DL,4578085,Jared Verse,DE,"exact name, slot agrees",1.000
fantasypros_idp,71:Jeffery Simmons,Jeffery Simmons,TEN,DT,DL,4035369,Jeffery Simmons,DT,"exact name, slot agrees",1.000
fantasypros_idp,194:Jeffrey Bassa,Jeffrey Bassa,KC,LB,LB,4602389,Jeffrey Bassa,LB,"exact name, slot agrees",1.000
fantasypros_idp,42:Jeremy Chinn,Jeremy Chinn,LV,S,DB,4043169,Jeremy Chinn,S,"exact name, slot agrees",1.000
fantasypros_idp,145:Jermaine Johnson II,Jermaine Johnson II,TEN,DE,DL,4567962,Jermaine Johnson II,DE,"exact name, slot agrees",1.000
fantasypros_idp,36:Jessie Bates III,Jessie Bates III,ATL,S,DB,3919512,Jessie Bates III,S,"exact name, slot agrees",1.000
fantasypros_idp,84:Jihaad Campbell,Jihaad Campbell,PHI,LB,LB,4685287,Jihaad Campbell,LB,"exact name, slot agrees",1.000
fantasypros_idp,118:Jonathan Greenard,Jonathan Greenard,PHI,DE,DL,3916409,Jonathan Greenard,DE,"exact name, slot agrees",1.000
fantasypros_idp,57:Jordan Battle,Jordan Battle,CIN,S,DB,4567098,Jordan Battle,S,"exact name, slot agrees",1.000
fantasypros_idp,158:Jordan Davis,Jordan Davis,PHI,DT,DL,4381558,Jordan Davis,DT,"exact name, slot agrees",1.000
fantasypros_idp,1:Jordyn Brooks,Jordyn Brooks,MIA,LB,LB,4043130,Jordyn Brooks,LB,"exact name, slot agrees",1.000
fantasypros_idp,79:Josh Hines-Allen,Josh Hines-Allen,JAC,DE,DL,3915239,Josh Hines-Allen,DE,"exact name, slot agrees",1.000
fantasypros_idp,115:Josh Sweat,Josh Sweat,ARI,DE,DL,3693166,Josh Sweat,DE,"exact name, slot agrees",1.000
fantasypros_idp,111:Joshua Metellus,Joshua Metellus,MIN,S,DB,4046537,Joshua Metellus,S,"exact name, slot agrees",1.000
fantasypros_idp,123:Josiah Trotter,Josiah Trotter,TB,LB,LB,4870998,Josiah Trotter,LB,"exact name, slot agrees",1.000
fantasypros_idp,76:Julian Love,Julian Love,SEA,S,DB,4046675,Julian Love,S,"exact name, slot agrees",1.000
fantasypros_idp,187:K'Lavon Chaisson,K'Lavon Chaisson,WAS,DE,DL,4242205,K'Lavon Chaisson,DE,"exact name, slot agrees",1.000
fantasypros_idp,28:Kaden Elliss,Kaden Elliss,NO,LB,LB,3124890,Kaden Elliss,LB,"exact name, slot agrees",1.000
fantasypros_idp,163:Kaleb Elarms-Orr,Kaleb Elarms-Orr,BUF,LB,LB,4594321,Kaleb Elarms-Orr,LB,"exact name, slot agrees",1.000
fantasypros_idp,38:Kam Curl,Kam Curl,LAR,S,DB,4242154,Kam Curl,S,"exact name, slot agrees",1.000
fantasypros_idp,102:Kamari Lassiter,Kamari Lassiter,HOU,CB,DB,4602699,Kamari Lassiter,CB,"exact name, slot agrees",1.000
fantasypros_idp,53:Kevin Byard III,Kevin Byard III,NE,S,DB,2574056,Kevin Byard,S,"exact name, slot agrees",1.000
fantasypros_idp,104:Kevin Winston Jr.,Kevin Winston Jr.,TEN,S,DB,4685617,Kevin Winston Jr.,S,"exact name, slot agrees",1.000
fantasypros_idp,176:Khalil Mack,Khalil Mack,LAC,LB,LB,16710,Khalil Mack,DE,hand_reviewed,
fantasypros_idp,149:Kool-Aid McKinstry,Kool-Aid McKinstry,NO,CB,DB,4433975,Kool-Aid McKinstry,CB,"exact name, slot agrees",1.000
fantasypros_idp,25:Kyle Hamilton,Kyle Hamilton,BAL,S,DB,4575517,Kyle Hamilton,S,"exact name, slot agrees",1.000
fantasypros_idp,85:Laiatu Latu,Laiatu Latu,IND,DE,DL,4426473,Laiatu Latu,DE,"exact name, slot agrees",1.000
fantasypros_idp,153:Leo Chenal,Leo Chenal,WAS,LB,LB,4426901,Leo Chenal,LB,"exact name, slot agrees",1.000
fantasypros_idp,116:Leonard Williams,Leonard Williams,SEA,DT,DL,2971622,Leonard Williams,DT,"exact name, slot agrees",1.000
fantasypros_idp,56:Mack Wilson Sr.,Mack Wilson Sr.,ARI,LB,LB,4040983,Mack Wilson Sr.,LB,"exact name, slot agrees",1.000
fantasypros_idp,157:Malcolm Rodriguez,Malcolm Rodriguez,DET,LB,LB,4241411,Malcolm Rodriguez,LB,"exact name, slot agrees",1.000
fantasypros_idp,132:Malik Mustapha,Malik Mustapha,SF,S,DB,4696211,Malik Mustapha,S,"exact name, slot agrees",1.000
fantasypros_idp,22:Maxx Crosby,Maxx Crosby,LV,DE,DL,3916655,Maxx Crosby,DE,"exact name, slot agrees",1.000
fantasypros_idp,103:Micah Parsons,Micah Parsons,GB,LB,LB,4361423,Micah Parsons,DE,hand_reviewed,
fantasypros_idp,156:Mike Sainristil,Mike Sainristil,WAS,CB,DB,4428414,Mike Sainristil,CB,"exact name, slot agrees",1.000
fantasypros_idp,129:Minkah Fitzpatrick,Minkah Fitzpatrick,NYJ,S,DB,3925345,Minkah Fitzpatrick,S,"exact name, slot agrees",1.000
fantasypros_idp,100:Montez Sweat,Montez Sweat,CHI,DE,DL,3134690,Montez Sweat,DE,"exact name, slot agrees",1.000
fantasypros_idp,9:Myles Garrett,Myles Garrett,LAR,DE,DL,3122132,Myles Garrett,DE,"exact name, slot agrees",1.000
fantasypros_idp,204:Myles Murphy,Myles Murphy,CIN,DE,DL,4428985,Myles Murphy,DE,"exact name, slot agrees",1.000
fantasypros_idp,41:Nakobe Dean,Nakobe Dean,LV,LB,LB,4426340,Nakobe Dean,LB,"exact name, slot agrees",1.000
fantasypros_idp,13:Nate Landman,Nate Landman,LAR,LB,LB,4243181,Nate Landman,LB,"exact name, slot agrees",1.000
fantasypros_idp,14:Nick Bolton,Nick Bolton,KC,LB,LB,4362759,Nick Bolton,LB,"exact name, slot agrees",1.000
fantasypros_idp,39:Nick Bosa,Nick Bosa,SF,DE,DL,4040605,Nick Bosa,DE,"exact name, slot agrees",1.000
fantasypros_idp,30:Nick Cross,Nick Cross,WAS,S,DB,4426403,Nick Cross,S,"exact name, slot agrees",1.000
fantasypros_idp,37:Nick Emmanwori,Nick Emmanwori,SEA,S,DB,4869523,Nick Emmanwori,CB,"exact name, slot agrees",1.000
fantasypros_idp,171:Nick Herbig,Nick Herbig,PIT,LB,LB,4429164,Nick Herbig,DE,hand_reviewed,
fantasypros_idp,82:Nik Bonitto,Nik Bonitto,DEN,DE,DL,4360259,Nik Bonitto,DE,"exact name, slot agrees",1.000
fantasypros_idp,201:Nnamdi Madubuike,Nnamdi Madubuike,BAL,DT,DL,4035245,Nnamdi Madubuike,DT,"exact name, slot agrees",1.000
fantasypros_idp,155:Odafe Oweh,Odafe Oweh,WAS,DE,DL,4361422,Odafe Oweh,DE,"exact name, slot agrees",1.000
fantasypros_idp,199:Omar Speights,Omar Speights,LAR,LB,LB,4428550,Omar Speights,LB,"exact name, slot agrees",1.000
fantasypros_idp,44:Patrick Queen,Patrick Queen,PIT,LB,LB,4242207,Patrick Queen,LB,"exact name, slot agrees",1.000
fantasypros_idp,87:Paulson Adebo,Paulson Adebo,NYG,CB,DB,4242547,Paulson Adebo,CB,"exact name, slot agrees",1.000
fantasypros_idp,67:Payton Wilson,Payton Wilson,PIT,LB,LB,4361652,Payton Wilson,LB,"exact name, slot agrees",1.000
fantasypros_idp,121:Pete Werner,Pete Werner,NO,LB,LB,4241993,Pete Werner,LB,"exact name, slot agrees",1.000
fantasypros_idp,12:Quay Walker,Quay Walker,LV,LB,LB,4379416,Quay Walker,LB,"exact name, slot agrees",1.000
fantasypros_idp,54:Quentin Lake,Quentin Lake,LAR,S,DB,4249128,Quentin Lake,CB,"exact name, slot agrees",1.000
fantasypros_idp,45:Quincy Williams,Quincy Williams,CLE,LB,LB,3110565,Quincy Williams,LB,"exact name, slot agrees",1.000
fantasypros_idp,135:Quinnen Williams,Quinnen Williams,DAL,DT,DL,4040982,Quinnen Williams,DT,"exact name, slot agrees",1.000
fantasypros_idp,192:Rashan Gary,Rashan Gary,DAL,LB,LB,4046523,Rashan Gary,DE,hand_reviewed,
fantasypros_idp,152:Reed Blankenship,Reed Blankenship,HOU,S,DB,4243956,Reed Blankenship,S,"exact name, slot agrees",1.000
fantasypros_idp,139:Riley Moss,Riley Moss,DEN,CB,DB,4382401,Riley Moss,CB,"exact name, slot agrees",1.000
fantasypros_idp,24:Robert Spillane,Robert Spillane,NE,LB,LB,3129446,Robert Spillane,LB,"exact name, slot agrees",1.000
fantasypros_idp,4:Roquan Smith,Roquan Smith,BAL,LB,LB,3915189,Roquan Smith,LB,"exact name, slot agrees",1.000
fantasypros_idp,147:Rueben Bain Jr.,Rueben Bain Jr.,TB,DE,DL,4870617,Rueben Bain Jr.,DE,"exact name, slot agrees",1.000
fantasypros_idp,19:Sonny Styles,Sonny Styles,WAS,LB,LB,5081807,Sonny Styles,LB,"exact name, slot agrees",1.000
fantasypros_idp,27:T.J. Edwards,T.J. Edwards,CHI,LB,LB,3121544,T.J. Edwards,LB,"exact name, slot agrees",1.000
fantasypros_idp,73:T.J. Watt,T.J. Watt,PIT,LB,LB,3045282,T.J. Watt,DE,hand_reviewed,
fantasypros_idp,50:Talanoa Hufanga,Talanoa Hufanga,DEN,S,DB,4360853,Talanoa Hufanga,S,"exact name, slot agrees",1.000
fantasypros_idp,137:Tatum Bethune,Tatum Bethune,SF,LB,LB,4426698,Tatum Bethune,LB,"exact name, slot agrees",1.000
fantasypros_idp,182:Teddye Buchanan,Teddye Buchanan,BAL,LB,LB,4698244,Teddye Buchanan,LB,"exact name, slot agrees",1.000
fantasypros_idp,43:Terrel Bernard,Terrel Bernard,BUF,LB,LB,4259166,Terrel Bernard,LB,"exact name, slot agrees",1.000
fantasypros_idp,202:Travon Walker,Travon Walker,JAC,DE,DL,4426349,Travon Walker,DE,"exact name, slot agrees",1.000
fantasypros_idp,49:Tre'von Moehrig,Tre'von Moehrig,CAR,S,DB,4362487,Tre'von Moehrig,S,"exact name, slot agrees",1.000
fantasypros_idp,23:Tremaine Edmunds,Tremaine Edmunds,NYG,LB,LB,3929950,Tremaine Edmunds,LB,"exact name, slot agrees",1.000
fantasypros_idp,186:Trent McDuffie,Trent McDuffie,LAR,CB,DB,4426405,Trent McDuffie,CB,"exact name, slot agrees",1.000
fantasypros_idp,183:Trenton Simpson,Trenton Simpson,BAL,LB,LB,4430831,Trenton Simpson,LB,"exact name, slot agrees",1.000
fantasypros_idp,119:Trevin Wallace,Trevin Wallace,CAR,LB,LB,4683815,Trevin Wallace,LB,"exact name, slot agrees",1.000
fantasypros_idp,97:Trey Hendrickson,Trey Hendrickson,BAL,DE,DL,3052743,Trey Hendrickson,DE,"exact name, slot agrees",1.000
fantasypros_idp,83:Tuli Tuipulotu,Tuli Tuipulotu,LAC,DE,DL,4431442,Tuli Tuipulotu,DE,"exact name, slot agrees",1.000
fantasypros_idp,40:Tykee Smith,Tykee Smith,TB,S,DB,4428522,Tykee Smith,S,"exact name, slot agrees",1.000
fantasypros_idp,107:Tyler Nubin,Tyler Nubin,NYG,S,DB,4430261,Tyler Nubin,S,"exact name, slot agrees",1.000
fantasypros_idp,60:Tyrel Dodson,Tyrel Dodson,MIA,LB,LB,4035232,Tyrel Dodson,LB,"exact name, slot agrees",1.000
fantasypros_idp,160:Tyson Campbell,Tyson Campbell,CLE,CB,DB,4379397,Tyson Campbell,CB,"exact name, slot agrees",1.000
fantasypros_idp,190:Uchenna Nwosu,Uchenna Nwosu,SEA,LB,LB,3120358,Uchenna Nwosu,DE,hand_reviewed,
fantasypros_idp,106:Ventrell Miller,Ventrell Miller,JAC,LB,LB,4240610,Ventrell Miller,LB,"exact name, slot agrees",1.000
fantasypros_idp,167:Walter Nolen III,Walter Nolen III,ARI,DT,DL,4685503,Walter Nolen III,DT,"exact name, slot agrees",1.000
fantasypros_idp,17:Will Anderson Jr.,Will Anderson Jr.,HOU,DE,DL,4685724,Will Anderson Jr.,DE,"exact name, slot agrees",1.000
fantasypros_idp,165:Will McDonald IV,Will McDonald IV,NYJ,DE,DL,4361767,Will McDonald IV,DE,"exact name, slot agrees",1.000
fantasypros_idp,46:Xavier McKinney,Xavier McKinney,GB,S,DB,4241470,Xavier McKinney,S,"exact name, slot agrees",1.000
fantasypros_idp,62:Xavier Watts,Xavier Watts,ATL,S,DB,4431005,Xavier Watts,S,"exact name, slot agrees",1.000
fantasypros_idp,126:Yaya Diaby,Yaya Diaby,TB,DE,DL,4686334,Yaya Diaby,DE,"exact name, slot agrees",1.000
fantasypros_idp,148:Zach Allen,Zach Allen,DEN,DE,DL,3915282,Zach Allen,DT,"exact name, slot agrees",1.000
fantasypros_idp,150:Zach Sieler,Zach Sieler,MIA,DT,DL,3057956,Zach Sieler,DT,"exact name, slot agrees",1.000
fantasypros_idp,10:Zack Baun,Zack Baun,PHI,LB,LB,3917657,Zack Baun,LB,"exact name, slot agrees",1.000
fantasypros_idp,20:Zaire Franklin,Zaire Franklin,GB,LB,LB,3124005,Zaire Franklin,LB,"exact name, slot agrees",1.000
historical,A.J. Brown,A.J. Brown,,WR,WR,4047646,A.J. Brown,WR,"exact name, slot agrees",1.000
historical,AJ Dillon,AJ Dillon,,RB,RB,4239934,AJ Dillon,RB,"exact name, slot agrees",1.000
historical,Aaron Donald,Aaron Donald,,DT,DL,16716,,,hand_reviewed,
historical,Aaron Jones,Aaron Jones,,RB,RB,3042519,Aaron Jones Sr.,RB,"exact name, slot agrees",1.000
historical,Aaron Rodgers,Aaron Rodgers,,QB,QB,8439,Aaron Rodgers,QB,"exact name, slot agrees",1.000
historical,Adam Thielen,Adam Thielen,,WR,WR,16460,Adam Thielen,WR,"exact name, slot agrees",1.000
historical,Adonai Mitchell,Adonai Mitchell,,WR,WR,4597500,Adonai Mitchell,WR,"exact name, slot agrees",1.000
historical,Adoree' Jackson,Adoree' Jackson,,CB,DB,3120347,Adoree' Jackson,CB,"exact name, slot agrees",1.000
historical,Aidan Hutchinson,Aidan Hutchinson,,DE,DL,4372099,Aidan Hutchinson,DE,"exact name, slot agrees",1.000
historical,Alex Anzalone,Alex Anzalone,,LB,LB,3043107,Alex Anzalone,LB,"exact name, slot agrees",1.000
historical,Alex Highsmith,Alex Highsmith,,DE,DL,4037333,Alex Highsmith,DE,"exact name, slot agrees",1.000
historical,Alex Singleton,Alex Singleton,,LB,LB,2612151,Alex Singleton,LB,"exact name, slot agrees",1.000
historical,Alexander Mattison,Alexander Mattison,,RB,RB,4048244,Alexander Mattison,RB,"exact name, slot agrees",1.000
historical,Allen Lazard,Allen Lazard,,WR,WR,3128390,Allen Lazard,WR,"exact name, slot agrees",1.000
historical,Alvin Kamara,Alvin Kamara,,RB,RB,3054850,Alvin Kamara,RB,"exact name, slot agrees",1.000
historical,Amani Hooker,Amani Hooker,,S,DB,4036134,Amani Hooker,S,"exact name, slot agrees",1.000
historical,Amari Cooper,Amari Cooper,,WR,WR,2976499,Amari Cooper,WR,"exact name, slot agrees",1.000
historical,Amon-Ra St. Brown,Amon-Ra St. Brown,,WR,WR,4374302,Amon-Ra St. Brown,WR,"exact name, slot agrees",1.000
historical,Andrew Van Ginkel,Andrew Van Ginkel,,DE,DL,3133487,Andrew Van Ginkel,DE,"exact name, slot agrees",1.000
historical,Anthony Richardson,Anthony Richardson,,QB,QB,4429084,Anthony Richardson Sr.,QB,"exact name, slot agrees",1.000
historical,Antoine Winfield Jr.,Antoine Winfield Jr.,,S,DB,4034790,Antoine Winfield Jr.,S,"exact name, slot agrees",1.000
historical,Antonio Gibson,Antonio Gibson,,RB,RB,4360294,Antonio Gibson,RB,"exact name, slot agrees",1.000
historical,Ashton Jeanty,Ashton Jeanty,,RB,RB,4890973,Ashton Jeanty,RB,"exact name, slot agrees",1.000
historical,Austin Ekeler,Austin Ekeler,,RB,RB,3068267,Austin Ekeler,RB,"exact name, slot agrees",1.000
historical,Azeez Al-Shaair,Azeez Al-Shaair,,LB,LB,3919117,Azeez Al-Shaair,LB,"exact name, slot agrees",1.000
historical,Baker Mayfield,Baker Mayfield,,QB,QB,3052587,Baker Mayfield,QB,"exact name, slot agrees",1.000
historical,Bhayshul Tuten,Bhayshul Tuten,,RB,RB,4882093,Bhayshul Tuten,RB,"exact name, slot agrees",1.000
historical,Bijan Robinson,Bijan Robinson,,RB,RB,4430807,Bijan Robinson,RB,"exact name, slot agrees",1.000
historical,Blake Cashman,Blake Cashman,,LB,LB,3728281,Blake Cashman,LB,"exact name, slot agrees",1.000
historical,Blake Corum,Blake Corum,,RB,RB,4429096,Blake Corum,RB,"exact name, slot agrees",1.000
historical,Bo Nix,Bo Nix,,QB,QB,4426338,Bo Nix,QB,"exact name, slot agrees",1.000
historical,Bobby Okereke,Bobby Okereke,,LB,LB,3117253,Bobby Okereke,LB,"exact name, slot agrees",1.000
historical,Bobby Wagner,Bobby Wagner,,LB,LB,14979,Bobby Wagner,LB,"exact name, slot agrees",1.000
historical,Bradley Chubb,Bradley Chubb,,DE,DL,3116733,Bradley Chubb,DE,"exact name, slot agrees",1.000
historical,Braelon Allen,Braelon Allen,,RB,RB,4685247,Braelon Allen,RB,"exact name, slot agrees",1.000
historical,Brandin Cooks,Brandin Cooks,,WR,WR,16731,Brandin Cooks,WR,"exact name, slot agrees",1.000
historical,Brandon Aiyuk,Brandon Aiyuk,,WR,WR,4360438,Brandon Aiyuk,WR,"exact name, slot agrees",1.000
historical,Brandon Aubrey,Brandon Aubrey,,K,K,3953687,Brandon Aubrey,K,"exact name, slot agrees",1.000
historical,Brandon Jones,Brandon Jones,,S,DB,4039059,Brandon Jones,S,"exact name, slot agrees",1.000
historical,Brandon McManus,Brandon McManus,,K,K,16339,Brandon McManus,K,"exact name, slot agrees",1.000
historical,Breece Hall,Breece Hall,,RB,RB,4427366,Breece Hall,RB,"exact name, slot agrees",1.000
historical,Brian Branch,Brian Branch,,S,DB,4692025,Brian Branch,S,"exact name, slot agrees",1.000
historical,Brian Burns,Brian Burns,,DE,DL,4035631,Brian Burns,DE,"exact name, slot agrees",1.000
historical,Brian Robinson Jr.,Brian Robinson Jr.,,RB,RB,4241474,Brian Robinson Jr.,RB,"exact name, slot agrees",1.000
historical,Brian Thomas Jr.,Brian Thomas Jr.,,WR,WR,4432773,Brian Thomas Jr.,WR,"exact name, slot agrees",1.000
historical,Brock Bowers,Brock Bowers,,TE,TE,4432665,Brock Bowers,TE,"exact name, slot agrees",1.000
historical,Brock Purdy,Brock Purdy,,QB,QB,4361741,Brock Purdy,QB,"exact name, slot agrees",1.000
historical,Bryce Young,Bryce Young,,QB,QB,4685720,Bryce Young,QB,"exact name, slot agrees",1.000
historical,Bucky Irving,Bucky Irving,,RB,RB,4596448,Bucky Irving,RB,"exact name, slot agrees",1.000
historical,Budda Baker,Budda Baker,,S,DB,3127287,Budda Baker,S,"exact name, slot agrees",1.000
historical,Byron Young,Byron Young,,DE,DL,4875196,Byron Young,DE,hand_reviewed,
historical,C.J. Mosley,C.J. Mosley,,LB,LB,16720,C.J. Mosley,LB,"exact name, slot agrees",1.000
historical,C.J. Stroud,C.J. Stroud,,QB,QB,4432577,C.J. Stroud,QB,"exact name, slot agrees",1.000
historical,Caleb Williams,Caleb Williams,,QB,QB,4431611,Caleb Williams,QB,"exact name, slot agrees",1.000
historical,Calvin Ridley,Calvin Ridley,,WR,WR,3925357,Calvin Ridley,WR,"exact name, slot agrees",1.000
historical,Cam Akers,Cam Akers,,RB,RB,4240021,Cam Akers,RB,"exact name, slot agrees",1.000
historical,Cam Skattebo,Cam Skattebo,,RB,RB,4696981,Cam Skattebo,RB,"exact name, slot agrees",1.000
historical,Cam Ward,Cam Ward,,QB,QB,4688380,Cam Ward,QB,"exact name, slot agrees",1.000
historical,Cameron Dicker,Cameron Dicker,,K,K,4362081,Cameron Dicker,K,"exact name, slot agrees",1.000
historical,Camryn Bynum,Camryn Bynum,,S,DB,4035861,Cam Bynum,S,hand_reviewed,
historical,Carson Schwesinger,Carson Schwesinger,,LB,LB,4876017,Carson Schwesinger,LB,"exact name, slot agrees",1.000
historical,Cedric Tillman,Cedric Tillman,,WR,WR,4369863,Cedric Tillman,WR,"exact name, slot agrees",1.000
historical,CeeDee Lamb,CeeDee Lamb,,WR,WR,4241389,CeeDee Lamb,WR,"exact name, slot agrees",1.000
historical,Charvarius Ward,Charvarius Ward,,CB,DB,4037361,Charvarius Ward,CB,"exact name, slot agrees",1.000
historical,Chase Brown,Chase Brown,,RB,RB,4362238,Chase Brown,RB,"exact name, slot agrees",1.000
historical,Chase McLaughlin,Chase McLaughlin,,K,K,3150744,Chase McLaughlin,K,"exact name, slot agrees",1.000
historical,Chris Boswell,Chris Boswell,,K,K,17372,Chris Boswell,K,"exact name, slot agrees",1.000
historical,Chris Godwin,Chris Godwin,,WR,WR,3116165,Chris Godwin Jr.,WR,"exact name, slot agrees",1.000
historical,Chris Jones,Chris Jones,,DT,DL,3044859,Chris Jones,DT,hand_reviewed,
historical,Chris Olave,Chris Olave,,WR,WR,4361370,Chris Olave,WR,"exact name, slot agrees",1.000
historical,Christian Kirk,Christian Kirk,,WR,WR,3895856,Christian Kirk,WR,"exact name, slot agrees",1.000
historical,Christian McCaffrey,Christian McCaffrey,,RB,RB,3117251,Christian McCaffrey,RB,"exact name, slot agrees",1.000
historical,Christian Watson,Christian Watson,,WR,WR,4248528,Christian Watson,WR,"exact name, slot agrees",1.000
historical,Christian Wilkins,Christian Wilkins,,DT,DL,3728266,Christian Wilkins,DT,"exact name, slot agrees",1.000
historical,Chuba Hubbard,Chuba Hubbard,,RB,RB,4241416,Chuba Hubbard,RB,"exact name, slot agrees",1.000
historical,Cole Kmet,Cole Kmet,,TE,TE,4258595,Cole Kmet,TE,"exact name, slot agrees",1.000
historical,Colston Loveland,Colston Loveland,,TE,TE,4723086,Colston Loveland,TE,"exact name, slot agrees",1.000
historical,Cooper Kupp,Cooper Kupp,,WR,WR,2977187,Cooper Kupp,WR,"exact name, slot agrees",1.000
historical,Courtland Sutton,Courtland Sutton,,WR,WR,3128429,Courtland Sutton,WR,"exact name, slot agrees",1.000
historical,Curtis Samuel,Curtis Samuel,,WR,WR,3121427,Curtis Samuel,WR,"exact name, slot agrees",1.000
historical,D'Andre Swift,D'Andre Swift,,RB,RB,4259545,D'Andre Swift,RB,"exact name, slot agrees",1.000
historical,DJ Chark Jr.,DJ Chark Jr.,,WR,WR,3115394,DJ Chark,WR,"exact name, slot agrees",1.000
historical,DJ Moore,DJ Moore,,WR,WR,3915416,DJ Moore,WR,"exact name, slot agrees",1.000
historical,DK Metcalf,DK Metcalf,,WR,WR,4047650,DK Metcalf,WR,"exact name, slot agrees",1.000
historical,DaRon Bland,DaRon Bland,,CB,DB,4248911,DaRon Bland,CB,"exact name, slot agrees",1.000
historical,Daiyan Henley,Daiyan Henley,,LB,LB,4241597,Daiyan Henley,LB,"exact name, slot agrees",1.000
historical,Dak Prescott,Dak Prescott,,QB,QB,2577417,Dak Prescott,QB,"exact name, slot agrees",1.000
historical,Dallas Goedert,Dallas Goedert,,TE,TE,3121023,Dallas Goedert,TE,"exact name, slot agrees",1.000
historical,Dalton Kincaid,Dalton Kincaid,,TE,TE,4385690,Dalton Kincaid,TE,"exact name, slot agrees",1.000
historical,Dalton Schultz,Dalton Schultz,,TE,TE,3117256,Dalton Schultz,TE,"exact name, slot agrees",1.000
historical,Dalvin Cook,Dalvin Cook,,RB,RB,3116593,Dalvin Cook,RB,"exact name, slot agrees",1.000
historical,Dameon Pierce,Dameon Pierce,,RB,RB,4360238,Dameon Pierce,RB,"exact name, slot agrees",1.000
historical,Damien Harris,Damien Harris,,RB,RB,3925347,,,hand_reviewed,
historical,Daniel Carlson,Daniel Carlson,,K,K,3051909,Daniel Carlson,K,"exact name, slot agrees",1.000
historical,Daniel Jones,Daniel Jones,,QB,QB,3917792,Daniel Jones,QB,"exact name, slot agrees",1.000
historical,Danielle Hunter,Danielle Hunter,,DE,DL,2976560,Danielle Hunter,DE,"exact name, slot agrees",1.000
historical,Darnell Mooney,Darnell Mooney,,WR,WR,4040655,Darnell Mooney,WR,"exact name, slot agrees",1.000
historical,Darren Waller,Darren Waller,,TE,TE,2576925,Darren Waller,TE,"exact name, slot agrees",1.000
historical,Davante Adams,Davante Adams,,WR,WR,16800,Davante Adams,WR,"exact name, slot agrees",1.000
historical,David Montgomery,David Montgomery,,RB,RB,4035538,David Montgomery,RB,"exact name, slot agrees",1.000
historical,David Njoku,David Njoku,,TE,TE,3123076,David Njoku,TE,"exact name, slot agrees",1.000
historical,De'Von Achane,De'Von Achane,,RB,RB,4429160,De'Von Achane,RB,"exact name, slot agrees",1.000
historical,De'Vondre Campbell,De'Vondre Campbell,,LB,LB,3040180,De'Vondre Campbell,LB,"exact name, slot agrees",1.000
historical,DeAndre Hopkins,DeAndre Hopkins,,WR,WR,15795,DeAndre Hopkins,WR,"exact name, slot agrees",1.000
historical,DeForest Buckner,DeForest Buckner,,DT,DL,2971282,DeForest Buckner,DT,"exact name, slot agrees",1.000
historical,DeMario Douglas,DeMario Douglas,,WR,WR,4427095,DeMario Douglas,WR,"exact name, slot agrees",1.000
historical,DeShon Elliott,DeShon Elliott,,S,DB,3929846,DeShon Elliott,S,"exact name, slot agrees",1.000
historical,DeVonta Smith,DeVonta Smith,,WR,WR,4241478,DeVonta Smith,WR,"exact name, slot agrees",1.000
historical,Deebo Samuel,Deebo Samuel,,WR,WR,3126486,Deebo Samuel Sr.,WR,"exact name, slot agrees",1.000
historical,Demario Davis,Demario Davis,,LB,LB,14958,Demario Davis,LB,"exact name, slot agrees",1.000
historical,Derek Carr,Derek Carr,,QB,QB,16757,Derek Carr,QB,"exact name, slot agrees",1.000
historical,Derrick Brown,Derrick Brown,,DT,DL,4035495,Derrick Brown,DT,"exact name, slot agrees",1.000
historical,Derrick Henry,Derrick Henry,,RB,RB,3043078,Derrick Henry,RB,"exact name, slot agrees",1.000
historical,Derwin James Jr.,Derwin James Jr.,,S,DB,3691739,Derwin James Jr.,S,"exact name, slot agrees",1.000
historical,Deshaun Watson,Deshaun Watson,,QB,QB,3122840,Deshaun Watson,QB,"exact name, slot agrees",1.000
historical,Desmond Ridder,Desmond Ridder,,QB,QB,4239086,Desmond Ridder,QB,"exact name, slot agrees",1.000
historical,Devin Duvernay,Devin Duvernay,,WR,WR,4039050,Devin Duvernay,WR,"exact name, slot agrees",1.000
historical,Devin Lloyd,Devin Lloyd,,LB,LB,4243256,Devin Lloyd,LB,"exact name, slot agrees",1.000
historical,Devin Singletary,Devin Singletary,,RB,RB,4040761,Devin Singletary,RB,"exact name, slot agrees",1.000
historical,Devin White,Devin White,,LB,LB,4035434,Devin White,LB,"exact name, slot agrees",1.000
historical,Devon Witherspoon,Devon Witherspoon,,CB,DB,4575431,Devon Witherspoon,CB,"exact name, slot agrees",1.000
historical,Dillon Gabriel,Dillon Gabriel,,QB,QB,4427238,Dillon Gabriel,QB,"exact name, slot agrees",1.000
historical,Diontae Johnson,Diontae Johnson,,WR,WR,3932905,Diontae Johnson,WR,"exact name, slot agrees",1.000
historical,Divine Deablo,Divine Deablo,,LB,LB,4037626,Divine Deablo,LB,"exact name, slot agrees",1.000
historical,Donovan Peoples-Jones,Donovan Peoples-Jones,,WR,WR,4258195,,,hand_reviewed,
historical,Donovan Wilson,Donovan Wilson,,S,DB,3122135,Donovan Wilson,S,"exact name, slot agrees",1.000
historical,Dontayvion Wicks,Dontayvion Wicks,,WR,WR,4428850,Dontayvion Wicks,WR,"exact name, slot agrees",1.000
historical,Drake London,Drake London,,WR,WR,4426502,Drake London,WR,"exact name, slot agrees",1.000
historical,Drake Maye,Drake Maye,,QB,QB,4431452,Drake Maye,QB,"exact name, slot agrees",1.000
historical,Dre Greenlaw,Dre Greenlaw,,LB,LB,3916903,Dre Greenlaw,LB,"exact name, slot agrees",1.000
historical,Drue Tranquill,Drue Tranquill,,LB,LB,3129310,Drue Tranquill,LB,"exact name, slot agrees",1.000
historical,Dylan Sampson,Dylan Sampson,,RB,RB,5081397,Dylan Sampson,RB,"exact name, slot agrees",1.000
historical,E.J. Speed,E.J. Speed,,LB,LB,3071353,E.J. Speed,LB,"exact name, slot agrees",1.000
historical,Eddie Jackson,Eddie Jackson,,S,DB,3054847,Eddie Jackson,S,"exact name, slot agrees",1.000
historical,Edgerrin Cooper,Edgerrin Cooper,,LB,LB,4430438,Edgerrin Cooper,LB,"exact name, slot agrees",1.000
historical,Efton Chism III,Efton Chism III,,WR,WR,4695193,Efton Chism III,WR,"exact name, slot agrees",1.000
historical,Elijah Mitchell,Elijah Mitchell,,RB,RB,4241555,Elijah Mitchell,RB,"exact name, slot agrees",1.000
historical,Elijah Moore,Elijah Moore,,WR,WR,4372414,Elijah Moore,WR,"exact name, slot agrees",1.000
historical,Emeka Egbuka,Emeka Egbuka,,WR,WR,4567750,Emeka Egbuka,WR,"exact name, slot agrees",1.000
historical,Eric Kendricks,Eric Kendricks,,LB,LB,2510863,Eric Kendricks,LB,"exact name, slot agrees",1.000
historical,Ernest Jones,Ernest Jones,,LB,LB,4362851,Ernest Jones IV,LB,"exact name, slot agrees",1.000
historical,Evan Engram,Evan Engram,,TE,TE,3051876,Evan Engram,TE,"exact name, slot agrees",1.000
historical,Evan McPherson,Evan McPherson,,K,K,4360234,Evan McPherson,K,"exact name, slot agrees",1.000
historical,Ezekiel Elliott,Ezekiel Elliott,,RB,RB,3051392,Ezekiel Elliott,RB,"exact name, slot agrees",1.000
historical,Foyesade Oluokun,Foyesade Oluokun,,LB,LB,3050073,Foyesade Oluokun,LB,"exact name, slot agrees",1.000
historical,Frankie Luvu,Frankie Luvu,,LB,LB,3127273,Frankie Luvu,LB,"exact name, slot agrees",1.000
historical,Fred Warner,Fred Warner,,LB,LB,3138826,Fred Warner,LB,"exact name, slot agrees",1.000
historical,Gabe Davis,Gabe Davis,,WR,WR,4243537,Gabe Davis,WR,"exact name, slot agrees",1.000
historical,Garrett Wilson,Garrett Wilson,,WR,WR,4569618,Garrett Wilson,WR,"exact name, slot agrees",1.000
historical,Geno Smith,Geno Smith,,QB,QB,15864,Geno Smith,QB,"exact name, slot agrees",1.000
historical,George Kittle,George Kittle,,TE,TE,3040151,George Kittle,TE,"exact name, slot agrees",1.000
historical,George Pickens,George Pickens,,WR,WR,4426354,George Pickens,WR,"exact name, slot agrees",1.000
historical,Germaine Pratt,Germaine Pratt,,LB,LB,3116724,Germaine Pratt,LB,"exact name, slot agrees",1.000
historical,Graham Gano,Graham Gano,,K,K,12460,Graham Gano,K,"exact name, slot agrees",1.000
historical,Grant Delpit,Grant Delpit,,S,DB,4242208,Grant Delpit,S,"exact name, slot agrees",1.000
historical,Greg Rousseau,Greg Rousseau,,DE,DL,4362506,Greg Rousseau,DE,"exact name, slot agrees",1.000
historical,Greg Zuerlein,Greg Zuerlein,,K,K,14993,Greg Zuerlein,K,"exact name, slot agrees",1.000
historical,Gus Edwards,Gus Edwards,,RB,RB,3051926,Gus Edwards,RB,"exact name, slot agrees",1.000
historical,Haason Reddick,Haason Reddick,,DE,DL,2980504,Haason Reddick,DE,"exact name, slot agrees",1.000
historical,Harold Landry III,Harold Landry III,,DE,DL,3122793,Harold Landry III,DE,"exact name, slot agrees",1.000
historical,Harrison Butker,Harrison Butker,,K,K,3055899,Harrison Butker,K,"exact name, slot agrees",1.000
historical,Hollywood Brown,Hollywood Brown,,WR,WR,4241372,Hollywood Brown,WR,"exact name, slot agrees",1.000
historical,Isaac TeSlaa,Isaac TeSlaa,,WR,WR,5123663,Isaac TeSlaa,WR,"exact name, slot agrees",1.000
historical,Isaiah Simmons,Isaiah Simmons,,CB,DB,4035462,Isaiah Simmons,LB,hand_reviewed,
historical,Isiah Pacheco,Isiah Pacheco,,RB,RB,4361529,Isiah Pacheco,RB,"exact name, slot agrees",1.000
historical,J.J. McCarthy,J.J. McCarthy,,QB,QB,4433970,J.J. McCarthy,QB,"exact name, slot agrees",1.000
historical,J.K. Dobbins,J.K. Dobbins,,RB,RB,4241985,J.K. Dobbins,RB,"exact name, slot agrees",1.000
historical,Ja'Lynn Polk,Ja'Lynn Polk,,WR,WR,4430637,Ja'Lynn Polk,WR,"exact name, slot agrees",1.000
historical,Ja'Marr Chase,Ja'Marr Chase,,WR,WR,4362628,Ja'Marr Chase,WR,"exact name, slot agrees",1.000
historical,Ja'Whaun Bentley,Ja'Whaun Bentley,,LB,LB,3116187,Ja'Whaun Bentley,LB,"exact name, slot agrees",1.000
historical,Jack Bech,Jack Bech,,WR,WR,4603186,Jack Bech,WR,"exact name, slot agrees",1.000
historical,Jack Campbell,Jack Campbell,,LB,LB,4569465,Jack Campbell,LB,"exact name, slot agrees",1.000
historical,Jacory Croskey-Merritt,Jacory Croskey-Merritt,,RB,RB,4575131,Jacory Croskey-Merritt,RB,"exact name, slot agrees",1.000
historical,Jadeveon Clowney,Jadeveon Clowney,,DE,DL,16734,Jadeveon Clowney,DE,"exact name, slot agrees",1.000
historical,Jaelan Phillips,Jaelan Phillips,,DE,DL,4242975,Jaelan Phillips,DE,"exact name, slot agrees",1.000
historical,Jahan Dotson,Jahan Dotson,,WR,WR,4361409,Jahan Dotson,WR,"exact name, slot agrees",1.000
historical,Jahmyr Gibbs,Jahmyr Gibbs,,RB,RB,4429795,Jahmyr Gibbs,RB,"exact name, slot agrees",1.000
historical,Jake Bates,Jake Bates,,K,K,4689936,Jake Bates,K,"exact name, slot agrees",1.000
historical,Jake Elliott,Jake Elliott,,K,K,3050478,Jake Elliott,K,"exact name, slot agrees",1.000
historical,Jake Ferguson,Jake Ferguson,,TE,TE,4242355,Jake Ferguson,TE,"exact name, slot agrees",1.000
historical,Jake Moody,Jake Moody,,K,K,4372066,Jake Moody,K,"exact name, slot agrees",1.000
historical,Jakobi Meyers,Jakobi Meyers,,WR,WR,3916433,Jakobi Meyers,WR,"exact name, slot agrees",1.000
historical,Jaleel McLaughlin,Jaleel McLaughlin,,RB,RB,4722893,Jaleel McLaughlin,RB,"exact name, slot agrees",1.000
historical,Jalen Hurts,Jalen Hurts,,QB,QB,4040715,Jalen Hurts,QB,"exact name, slot agrees",1.000
historical,Jalen McMillan,Jalen McMillan,,WR,WR,4430834,Jalen McMillan,WR,"exact name, slot agrees",1.000
historical,Jalen Pitre,Jalen Pitre,,S,DB,4241223,Jalen Pitre,CB,"exact name, slot agrees",1.000
historical,Jalen Thompson,Jalen Thompson,,S,DB,4043089,Jalen Thompson,S,"exact name, slot agrees",1.000
historical,Jamaal Williams,Jamaal Williams,,RB,RB,2980453,Jamaal Williams,RB,"exact name, slot agrees",1.000
historical,James Conner,James Conner,,RB,RB,3045147,James Conner,RB,"exact name, slot agrees",1.000
historical,James Cook,James Cook,,RB,RB,4379399,James Cook III,RB,"exact name, slot agrees",1.000
historical,Jameson Williams,Jameson Williams,,WR,WR,4426388,Jameson Williams,WR,"exact name, slot agrees",1.000
historical,Jamien Sherwood,Jamien Sherwood,,LB,LB,4361331,Jamien Sherwood,LB,"exact name, slot agrees",1.000
historical,Jaquan Brisker,Jaquan Brisker,,S,DB,4570044,Jaquan Brisker,S,"exact name, slot agrees",1.000
historical,Jared Goff,Jared Goff,,QB,QB,3046779,Jared Goff,QB,"exact name, slot agrees",1.000
historical,Jared Verse,Jared Verse,,DE,DL,4578085,Jared Verse,DE,"exact name, slot agrees",1.000
historical,Jason Myers,Jason Myers,,K,K,2473037,Jason Myers,K,"exact name, slot agrees",1.000
historical,Jason Sanders,Jason Sanders,,K,K,3124679,Jason Sanders,K,"exact name, slot agrees",1.000
historical,Jauan Jennings,Jauan Jennings,,WR,WR,3886598,Jauan Jennings,WR,"exact name, slot agrees",1.000
historical,Javonte Williams,Javonte Williams,,RB,RB,4361579,Javonte Williams,RB,"exact name, slot agrees",1.000
historical,Jaxon Smith-Njigba,Jaxon Smith-Njigba,,WR,WR,4430878,Jaxon Smith-Njigba,WR,"exact name, slot agrees",1.000
historical,Jaxson Dart,Jaxson Dart,,QB,QB,4689114,Jaxson Dart,QB,"exact name, slot agrees",1.000
historical,Jayden Daniels,Jayden Daniels,,QB,QB,4426348,Jayden Daniels,QB,"exact name, slot agrees",1.000
historical,Jayden Higgins,Jayden Higgins,,WR,WR,4877706,Jayden Higgins,WR,"exact name, slot agrees",1.000
historical,Jayden Reed,Jayden Reed,,WR,WR,4362249,Jayden Reed,WR,"exact name, slot agrees",1.000
historical,Jaydon Blue,Jaydon Blue,,RB,RB,4685279,Jaydon Blue,RB,"exact name, slot agrees",1.000
historical,Jaylen Waddle,Jaylen Waddle,,WR,WR,4372016,Jaylen Waddle,WR,"exact name, slot agrees",1.000
historical,Jaylen Warren,Jaylen Warren,,RB,RB,4569987,Jaylen Warren,RB,"exact name, slot agrees",1.000
historical,Jaylen Wright,Jaylen Wright,,RB,RB,4682745,Jaylen Wright,RB,"exact name, slot agrees",1.000
historical,Jeff Wilson Jr.,Jeff Wilson Jr.,,RB,RB,3122976,Jeff Wilson Jr.,RB,"exact name, slot agrees",1.000
historical,Jeffery Simmons,Jeffery Simmons,,DT,DL,4035369,Jeffery Simmons,DT,"exact name, slot agrees",1.000
historical,Jeremiah Owusu-Koramoah,Jeremiah Owusu-Koramoah,,LB,LB,4258599,Jeremiah Owusu-Koramoah,LB,"exact name, slot agrees",1.000
historical,Jeremy Chinn,Jeremy Chinn,,S,DB,4043169,Jeremy Chinn,S,"exact name, slot agrees",1.000
historical,Jerick McKinnon,Jerick McKinnon,,RB,RB,16782,,,hand_reviewed,
historical,Jerome Ford,Jerome Ford,,RB,RB,4372019,Jerome Ford,RB,"exact name, slot agrees",1.000
historical,Jerry Jeudy,Jerry Jeudy,,WR,WR,4241463,Jerry Jeudy,WR,"exact name, slot agrees",1.000
historical,Jessie Bates III,Jessie Bates III,,S,DB,3919512,Jessie Bates III,S,"exact name, slot agrees",1.000
historical,Jimmie Ward,Jimmie Ward,,S,DB,16717,Jimmie Ward,S,"exact name, slot agrees",1.000
historical,Jimmy Garoppolo,Jimmy Garoppolo,,QB,QB,16760,Jimmy Garoppolo,QB,"exact name, slot agrees",1.000
historical,Joe Burrow,Joe Burrow,,QB,QB,3915511,Joe Burrow,QB,"exact name, slot agrees",1.000
historical,Joe Mixon,Joe Mixon,,RB,RB,3116385,Joe Mixon,RB,"exact name, slot agrees",1.000
historical,Joey Bosa,Joey Bosa,,DE,DL,3051389,Joey Bosa,DE,"exact name, slot agrees",1.000
historical,Jonathan Allen,Jonathan Allen,,DT,DL,3054840,Jonathan Allen,DT,"exact name, slot agrees",1.000
historical,Jonathan Greenard,Jonathan Greenard,,DE,DL,3916409,Jonathan Greenard,DE,"exact name, slot agrees",1.000
historical,Jonathan Mingo,Jonathan Mingo,,WR,WR,4426485,Jonathan Mingo,WR,"exact name, slot agrees",1.000
historical,Jonathan Taylor,Jonathan Taylor,,RB,RB,4242335,Jonathan Taylor,RB,"exact name, slot agrees",1.000
historical,Jonathon Brooks,Jonathon Brooks,,RB,RB,4678008,Jonathon Brooks,RB,"exact name, slot agrees",1.000
historical,Jonathon Cooper,Jonathon Cooper,,DE,DL,4040608,Jonathon Cooper,DE,"exact name, slot agrees",1.000
historical,Jordan Addison,Jordan Addison,,WR,WR,4429205,Jordan Addison,WR,"exact name, slot agrees",1.000
historical,Jordan Battle,Jordan Battle,,S,DB,4567098,Jordan Battle,S,"exact name, slot agrees",1.000
historical,Jordan Hicks,Jordan Hicks,,LB,LB,2514270,Jordan Hicks,LB,"exact name, slot agrees",1.000
historical,Jordan Love,Jordan Love,,QB,QB,4036378,Jordan Love,QB,"exact name, slot agrees",1.000
historical,Jordan Mason,Jordan Mason,,RB,RB,4360569,Jordan Mason,RB,"exact name, slot agrees",1.000
historical,Jordyn Brooks,Jordyn Brooks,,LB,LB,4043130,Jordyn Brooks,LB,"exact name, slot agrees",1.000
historical,Josey Jewell,Josey Jewell,,LB,LB,3040150,Josey Jewell,LB,"exact name, slot agrees",1.000
historical,Josh Allen,Josh Allen,,QB,QB,3918298,Josh Allen,QB,"exact name, slot agrees",1.000
historical,Josh Downs,Josh Downs,,WR,WR,4688813,Josh Downs,WR,"exact name, slot agrees",1.000
historical,Josh Hines-Allen,Josh Hines-Allen,,DE,DL,3915239,Josh Hines-Allen,DE,"exact name, slot agrees",1.000
historical,Josh Jacobs,Josh Jacobs,,RB,RB,4047365,Josh Jacobs,RB,"exact name, slot agrees",1.000
historical,Josh Metellus,Josh Metellus,,S,DB,4046537,Joshua Metellus,S,hand_reviewed,
historical,Joshua Metellus,Joshua Metellus,,S,DB,4046537,Joshua Metellus,S,"exact name, slot agrees",1.000
historical,Joshua Palmer,Joshua Palmer,,WR,WR,4242433,Joshua Palmer,WR,"exact name, slot agrees",1.000
historical,JuJu Smith-Schuster,JuJu Smith-Schuster,,WR,WR,3120348,JuJu Smith-Schuster,WR,"exact name, slot agrees",1.000
historical,Julian Love,Julian Love,,S,DB,4046675,Julian Love,S,"exact name, slot agrees",1.000
historical,Justice Hill,Justice Hill,,RB,RB,4038441,Justice Hill,RB,"exact name, slot agrees",1.000
historical,Justin Fields,Justin Fields,,QB,QB,4362887,Justin Fields,QB,"exact name, slot agrees",1.000
historical,Justin Herbert,Justin Herbert,,QB,QB,4038941,Justin Herbert,QB,"exact name, slot agrees",1.000
historical,Justin Jefferson,Justin Jefferson,,WR,WR,4262921,Justin Jefferson,WR,hand_reviewed,
historical,Justin Reid,Justin Reid,,S,DB,3931399,Justin Reid,S,"exact name, slot agrees",1.000
historical,Justin Simmons,Justin Simmons,,S,DB,2969860,Justin Simmons,S,"exact name, slot agrees",1.000
historical,Justin Tucker,Justin Tucker,,K,K,15683,Justin Tucker,K,"exact name, slot agrees",1.000
historical,K.J. Osborn,K.J. Osborn,,WR,WR,3916566,K.J. Osborn,WR,"exact name, slot agrees",1.000
historical,Ka'imi Fairbairn,Ka'imi Fairbairn,,K,K,2971573,Ka'imi Fairbairn,K,"exact name, slot agrees",1.000
historical,Kadarius Toney,Kadarius Toney,,WR,WR,4240600,Kadarius Toney,WR,"exact name, slot agrees",1.000
historical,Kaden Elliss,Kaden Elliss,,LB,LB,3124890,Kaden Elliss,LB,"exact name, slot agrees",1.000
historical,Kaleb Johnson,Kaleb Johnson,,RB,RB,4819231,Kaleb Johnson,RB,"exact name, slot agrees",1.000
historical,Kamren Curl,Kamren Curl,,S,DB,4242154,Kam Curl,S,hand_reviewed,
historical,Kayvon Thibodeaux,Kayvon Thibodeaux,,DE,DL,4426326,Kayvon Thibodeaux,DE,"exact name, slot agrees",1.000
historical,Keenan Allen,Keenan Allen,,WR,WR,15818,Keenan Allen,WR,"exact name, slot agrees",1.000
historical,Keisean Nixon,Keisean Nixon,,CB,DB,4259493,Keisean Nixon,CB,"exact name, slot agrees",1.000
historical,Kendre Miller,Kendre Miller,,RB,RB,4599739,Kendre Miller,RB,"exact name, slot agrees",1.000
historical,Kenneth Walker III,Kenneth Walker III,,RB,RB,4567048,Kenneth Walker III,RB,"exact name, slot agrees",1.000
historical,Kenny Moore II,Kenny Moore II,,CB,DB,4218312,Kenny Moore II,CB,"exact name, slot agrees",1.000
historical,Kenny Pickett,Kenny Pickett,,QB,QB,4240703,Kenny Pickett,QB,"exact name, slot agrees",1.000
historical,Keon Coleman,Keon Coleman,,WR,WR,4635008,Keon Coleman,WR,"exact name, slot agrees",1.000
historical,Kerby Joseph,Kerby Joseph,,S,DB,4360383,Kerby Joseph,S,"exact name, slot agrees",1.000
historical,Kevin Byard III,Kevin Byard III,,S,DB,2574056,Kevin Byard,S,"exact name, slot agrees",1.000
historical,Khalil Herbert,Khalil Herbert,,RB,RB,4035886,Khalil Herbert,RB,"exact name, slot agrees",1.000
historical,Khalil Mack,Khalil Mack,,DE,DL,16710,Khalil Mack,DE,"exact name, slot agrees",1.000
historical,Khalil Shakir,Khalil Shakir,,WR,WR,4373678,Khalil Shakir,WR,"exact name, slot agrees",1.000
historical,Kirk Cousins,Kirk Cousins,,QB,QB,14880,Kirk Cousins,QB,"exact name, slot agrees",1.000
historical,Kobie Turner,Kobie Turner,,DT,DL,4250621,Kobie Turner,DT,"exact name, slot agrees",1.000
historical,Kyle Dugger,Kyle Dugger,,S,DB,4401811,Kyle Dugger,S,"exact name, slot agrees",1.000
historical,Kyle Hamilton,Kyle Hamilton,,S,DB,4575517,Kyle Hamilton,S,"exact name, slot agrees",1.000
historical,Kyle Pitts,Kyle Pitts,,TE,TE,4360248,Kyle Pitts Sr.,TE,"exact name, slot agrees",1.000
historical,Kyle Williams,Kyle Williams,,WR,WR,4613202,Kyle Williams,WR,"exact name, slot agrees",1.000
historical,Kyler Murray,Kyler Murray,,QB,QB,3917315,Kyler Murray,QB,"exact name, slot agrees",1.000
historical,Kyren Williams,Kyren Williams,,RB,RB,4430737,Kyren Williams,RB,"exact name, slot agrees",1.000
historical,Kyzir White,Kyzir White,,LB,LB,4039254,Kyzir White,LB,"exact name, slot agrees",1.000
historical,L'Jarius Sneed,L'Jarius Sneed,,CB,DB,4040432,L'Jarius Sneed,CB,"exact name, slot agrees",1.000
historical,Ladd McConkey,Ladd McConkey,,WR,WR,4612826,Ladd McConkey,WR,"exact name, slot agrees",1.000
historical,Laiatu Latu,Laiatu Latu,,DE,DL,4426473,Laiatu Latu,DE,"exact name, slot agrees",1.000
historical,Lamar Jackson,Lamar Jackson,,QB,QB,3916387,Lamar Jackson,QB,hand_reviewed,
historical,Lavonte David,Lavonte David,,LB,LB,14985,Lavonte David,LB,"exact name, slot agrees",1.000
historical,Leonard Williams,Leonard Williams,,DT,DL,2971622,Leonard Williams,DT,"exact name, slot agrees",1.000
historical,Logan Wilson,Logan Wilson,,LB,LB,3918330,Logan Wilson,LB,"exact name, slot agrees",1.000
historical,Luther Burden III,Luther Burden III,,WR,WR,4685278,Luther Burden III,WR,"exact name, slot agrees",1.000
historical,Malik Nabers,Malik Nabers,,WR,WR,4595348,Malik Nabers,WR,"exact name, slot agrees",1.000
historical,MarShawn Lloyd,MarShawn Lloyd,,RB,RB,4429023,MarShawn Lloyd,RB,"exact name, slot agrees",1.000
historical,Marcus Jones,Marcus Jones,,CB,DB,4241720,Marcus Jones,CB,"exact name, slot agrees",1.000
historical,Marcus Williams,Marcus Williams,,S,DB,3122882,Marcus Williams,S,"exact name, slot agrees",1.000
historical,Mark Andrews,Mark Andrews,,TE,TE,3116365,Mark Andrews,TE,"exact name, slot agrees",1.000
historical,Marquez Valdes-Scantling,Marquez Valdes-Scantling,,WR,WR,3051738,Marquez Valdes-Scantling,WR,"exact name, slot agrees",1.000
historical,Marquise Brown,Marquise Brown,,WR,WR,4241372,Hollywood Brown,WR,hand_reviewed,
historical,Marvin Harrison Jr.,Marvin Harrison Jr.,,WR,WR,4432708,Marvin Harrison Jr.,WR,"exact name, slot agrees",1.000
historical,Marvin Mims Jr.,Marvin Mims Jr.,,WR,WR,4686472,Marvin Mims Jr.,WR,"exact name, slot agrees",1.000
historical,Matt Breida,Matt Breida,,RB,RB,3049916,,,hand_reviewed,
historical,Matt Gay,Matt Gay,,K,K,4249087,Matt Gay,K,"exact name, slot agrees",1.000
historical,Matt Milano,Matt Milano,,LB,LB,3046287,Matt Milano,LB,"exact name, slot agrees",1.000
historical,Matthew Golden,Matthew Golden,,WR,WR,4701936,Matthew Golden,WR,"exact name, slot agrees",1.000
historical,Matthew Judon,Matthew Judon,,DE,DL,3961466,Matthew Judon,DE,"exact name, slot agrees",1.000
historical,Matthew Stafford,Matthew Stafford,,QB,QB,12483,Matthew Stafford,QB,"exact name, slot agrees",1.000
historical,Maxx Crosby,Maxx Crosby,,DE,DL,3916655,Maxx Crosby,DE,"exact name, slot agrees",1.000
historical,Mecole Hardman,Mecole Hardman,,WR,WR,4035004,Mecole Hardman Jr.,WR,"exact name, slot agrees",1.000
historical,Micah Parsons,Micah Parsons,,DE,DL,4361423,Micah Parsons,DE,"exact name, slot agrees",1.000
historical,Michael Gallup,Michael Gallup,,WR,WR,4036348,,,hand_reviewed,
historical,Michael Penix Jr.,Michael Penix Jr.,,QB,QB,4360423,Michael Penix Jr.,QB,"exact name, slot agrees",1.000
historical,Michael Pittman Jr.,Michael Pittman Jr.,,WR,WR,4035687,Michael Pittman Jr.,WR,"exact name, slot agrees",1.000
historical,Michael Thomas,Michael Thomas,,WR,WR,2976316,,,hand_reviewed,
historical,Michael Wilson,Michael Wilson,,WR,WR,4360761,Michael Wilson,WR,"exact name, slot agrees",1.000
historical,Mike Evans,Mike Evans,,WR,WR,16737,Mike Evans,WR,"exact name, slot agrees",1.000
historical,Mike Williams,Mike Williams,,WR,WR,3045138,Mike Williams,WR,"exact name, slot agrees",1.000
historical,Miles Sanders,Miles Sanders,,RB,RB,4045163,Miles Sanders,RB,"exact name, slot agrees",1.000
historical,Minkah Fitzpatrick,Minkah Fitzpatrick,,S,DB,3925345,Minkah Fitzpatrick,S,"exact name, slot agrees",1.000
historical,Montez Sweat,Montez Sweat,,DE,DL,3134690,Montez Sweat,DE,"exact name, slot agrees",1.000
historical,Myles Garrett,Myles Garrett,,DE,DL,3122132,Myles Garrett,DE,"exact name, slot agrees",1.000
historical,Najee Harris,Najee Harris,,RB,RB,4241457,Najee Harris,RB,"exact name, slot agrees",1.000
historical,Nick Bolton,Nick Bolton,,LB,LB,4362759,Nick Bolton,LB,"exact name, slot agrees",1.000
historical,Nick Bosa,Nick Bosa,,DE,DL,4040605,Nick Bosa,DE,"exact name, slot agrees",1.000
historical,Nick Chubb,Nick Chubb,,RB,RB,3128720,Nick Chubb,RB,"exact name, slot agrees",1.000
historical,Nick Cross,Nick Cross,,S,DB,4426403,Nick Cross,S,"exact name, slot agrees",1.000
historical,Nico Collins,Nico Collins,,WR,WR,4258173,Nico Collins,WR,"exact name, slot agrees",1.000
historical,Nik Bonitto,Nik Bonitto,,DE,DL,4360259,Nik Bonitto,DE,"exact name, slot agrees",1.000
historical,Odell Beckham Jr.,Odell Beckham Jr.,,WR,WR,16733,Odell Beckham Jr.,WR,"exact name, slot agrees",1.000
historical,Ollie Gordon II,Ollie Gordon II,,RB,RB,4711533,Ollie Gordon II,RB,"exact name, slot agrees",1.000
historical,Omarion Hampton,Omarion Hampton,,RB,RB,4685382,Omarion Hampton,RB,"exact name, slot agrees",1.000
historical,Parris Campbell,Parris Campbell,,WR,WR,3121410,Parris Campbell,WR,"exact name, slot agrees",1.000
historical,Pat Freiermuth,Pat Freiermuth,,TE,TE,4361411,Pat Freiermuth,TE,"exact name, slot agrees",1.000
historical,Patrick Mahomes,Patrick Mahomes,,QB,QB,3139477,Patrick Mahomes,QB,"exact name, slot agrees",1.000
historical,Patrick Queen,Patrick Queen,,LB,LB,4242207,Patrick Queen,LB,"exact name, slot agrees",1.000
historical,Paulson Adebo,Paulson Adebo,,CB,DB,4242547,Paulson Adebo,CB,"exact name, slot agrees",1.000
historical,Pete Werner,Pete Werner,,LB,LB,4241993,Pete Werner,LB,"exact name, slot agrees",1.000
historical,Puka Nacua,Puka Nacua,,WR,WR,4426515,Puka Nacua,WR,"exact name, slot agrees",1.000
historical,Quay Walker,Quay Walker,,LB,LB,4379416,Quay Walker,LB,"exact name, slot agrees",1.000
historical,Quentin Johnston,Quentin Johnston,,WR,WR,4429025,Quentin Johnston,WR,"exact name, slot agrees",1.000
historical,Quincy Williams,Quincy Williams,,LB,LB,3110565,Quincy Williams,LB,"exact name, slot agrees",1.000
historical,Quinnen Williams,Quinnen Williams,,DT,DL,4040982,Quinnen Williams,DT,"exact name, slot agrees",1.000
historical,Quinshon Judkins,Quinshon Judkins,,RB,RB,4685702,Quinshon Judkins,RB,"exact name, slot agrees",1.000
historical,RJ Harvey,RJ Harvey,,RB,RB,4568490,RJ Harvey,RB,"exact name, slot agrees",1.000
historical,Rachaad White,Rachaad White,,RB,RB,4697815,Rachaad White,RB,"exact name, slot agrees",1.000
historical,Raheem Mostert,Raheem Mostert,,RB,RB,2576414,Raheem Mostert,RB,"exact name, slot agrees",1.000
historical,Rashaad Penny,Rashaad Penny,,RB,RB,3139925,,,hand_reviewed,
historical,Rashee Rice,Rashee Rice,,WR,WR,4428331,Rashee Rice,WR,"exact name, slot agrees",1.000
historical,Rashid Shaheed,Rashid Shaheed,,WR,WR,4032473,Rashid Shaheed,WR,"exact name, slot agrees",1.000
historical,Rashod Bateman,Rashod Bateman,,WR,WR,4360939,Rashod Bateman,WR,"exact name, slot agrees",1.000
historical,Rayshawn Jenkins,Rayshawn Jenkins,,S,DB,2969961,Rayshawn Jenkins,S,"exact name, slot agrees",1.000
historical,Reed Blankenship,Reed Blankenship,,S,DB,4243956,Reed Blankenship,S,"exact name, slot agrees",1.000
historical,Rhamondre Stevenson,Rhamondre Stevenson,,RB,RB,4569173,Rhamondre Stevenson,RB,"exact name, slot agrees",1.000
historical,Richie Grant,Richie Grant,,S,DB,4042119,Richie Grant,S,"exact name, slot agrees",1.000
historical,Ricky Pearsall,Ricky Pearsall,,WR,WR,4428209,Ricky Pearsall,WR,"exact name, slot agrees",1.000
historical,Rico Dowdle,Rico Dowdle,,RB,RB,4038815,Rico Dowdle,RB,"exact name, slot agrees",1.000
historical,Robert Spillane,Robert Spillane,,LB,LB,3129446,Robert Spillane,LB,"exact name, slot agrees",1.000
historical,Rome Odunze,Rome Odunze,,WR,WR,4431299,Rome Odunze,WR,"exact name, slot agrees",1.000
historical,Romeo Doubs,Romeo Doubs,,WR,WR,4361432,Romeo Doubs,WR,"exact name, slot agrees",1.000
historical,Rondale Moore,Rondale Moore,,WR,WR,4372485,,,hand_reviewed,
historical,Roquan Smith,Roquan Smith,,LB,LB,3915189,Roquan Smith,LB,"exact name, slot agrees",1.000
historical,Roschon Johnson,Roschon Johnson,,RB,RB,4426386,Roschon Johnson,RB,"exact name, slot agrees",1.000
historical,Russell Wilson,Russell Wilson,,QB,QB,14881,Russell Wilson,QB,"exact name, slot agrees",1.000
historical,Sam Darnold,Sam Darnold,,QB,QB,3912547,Sam Darnold,QB,"exact name, slot agrees",1.000
historical,Sam Howell,Sam Howell,,QB,QB,4426875,Sam Howell,QB,"exact name, slot agrees",1.000
historical,Sam Hubbard,Sam Hubbard,,DE,DL,3121416,Sam Hubbard,DE,"exact name, slot agrees",1.000
historical,Sam LaPorta,Sam LaPorta,,TE,TE,4430027,Sam LaPorta,TE,"exact name, slot agrees",1.000
historical,Samaje Perine,Samaje Perine,,RB,RB,3116389,Samaje Perine,RB,"exact name, slot agrees",1.000
historical,Saquon Barkley,Saquon Barkley,,RB,RB,3929630,Saquon Barkley,RB,"exact name, slot agrees",1.000
historical,Sauce Gardner,Sauce Gardner,,CB,DB,4427250,Sauce Gardner,CB,"exact name, slot agrees",1.000
historical,Shaq Thompson,Shaq Thompson,,LB,LB,2978313,Shaq Thompson,LB,"exact name, slot agrees",1.000
historical,Shaquil Barrett,Shaquil Barrett,,DE,DL,16967,Shaquil Barrett,DE,"exact name, slot agrees",1.000
historical,Shaquille Leonard,Shaquille Leonard,,LB,LB,3056362,,,hand_reviewed,
historical,Shedeur Sanders,Shedeur Sanders,,QB,QB,4432762,Shedeur Sanders,QB,"exact name, slot agrees",1.000
historical,Skyy Moore,Skyy Moore,,WR,WR,4430191,Skyy Moore,WR,"exact name, slot agrees",1.000
historical,Stefon Diggs,Stefon Diggs,,WR,WR,2976212,Stefon Diggs,WR,"exact name, slot agrees",1.000
historical,T.J. Edwards,T.J. Edwards,,LB,LB,3121544,T.J. Edwards,LB,"exact name, slot agrees",1.000
historical,T.J. Hockenson,T.J. Hockenson,,TE,TE,4036133,T.J. Hockenson,TE,"exact name, slot agrees",1.000
historical,T.J. Watt,T.J. Watt,,DE,DL,3045282,T.J. Watt,DE,"exact name, slot agrees",1.000
historical,Talanoa Hufanga,Talanoa Hufanga,,S,DB,4360853,Talanoa Hufanga,S,"exact name, slot agrees",1.000
historical,Tank Bigsby,Tank Bigsby,,RB,RB,4429013,Tank Bigsby,RB,"exact name, slot agrees",1.000
historical,Tank Dell,Tank Dell,,WR,WR,4366031,Tank Dell,WR,"exact name, slot agrees",1.000
historical,Tee Higgins,Tee Higgins,,WR,WR,4239993,Tee Higgins,WR,"exact name, slot agrees",1.000
historical,Terrel Bernard,Terrel Bernard,,LB,LB,4259166,Terrel Bernard,LB,"exact name, slot agrees",1.000
historical,Terry McLaurin,Terry McLaurin,,WR,WR,3121422,Terry McLaurin,WR,"exact name, slot agrees",1.000
historical,Tetairoa McMillan,Tetairoa McMillan,,WR,WR,4685472,Tetairoa McMillan,WR,"exact name, slot agrees",1.000
historical,Tim Patrick,Tim Patrick,,WR,WR,3134353,Tim Patrick,WR,"exact name, slot agrees",1.000
historical,Tony Pollard,Tony Pollard,,RB,RB,3916148,Tony Pollard,RB,"exact name, slot agrees",1.000
historical,Travis Etienne Jr.,Travis Etienne Jr.,,RB,RB,4239996,Travis Etienne Jr.,RB,"exact name, slot agrees",1.000
historical,Travis Hunter,Travis Hunter,,WR,WR,4685415,Travis Hunter,WR,"exact name, slot agrees",1.000
historical,Travis Kelce,Travis Kelce,,TE,TE,15847,Travis Kelce,TE,"exact name, slot agrees",1.000
historical,Travon Walker,Travon Walker,,DE,DL,4426349,Travon Walker,DE,"exact name, slot agrees",1.000
historical,Tre Tucker,Tre Tucker,,WR,WR,4428718,Tre Tucker,WR,"exact name, slot agrees",1.000
historical,Tre' Harris,Tre' Harris,,WR,WR,4686612,Tre' Harris,WR,"exact name, slot agrees",1.000
historical,Tre'von Moehrig,Tre'von Moehrig,,S,DB,4362487,Tre'von Moehrig,S,"exact name, slot agrees",1.000
historical,TreVeyon Henderson,TreVeyon Henderson,,RB,RB,4432710,TreVeyon Henderson,RB,"exact name, slot agrees",1.000
historical,Tremaine Edmunds,Tremaine Edmunds,,LB,LB,3929950,Tremaine Edmunds,LB,"exact name, slot agrees",1.000
historical,Trevor Lawrence,Trevor Lawrence,,QB,QB,4360310,Trevor Lawrence,QB,"exact name, slot agrees",1.000
historical,Trey Benson,Trey Benson,,RB,RB,4429275,Trey Benson,RB,"exact name, slot agrees",1.000
historical,Trey Hendrickson,Trey Hendrickson,,DE,DL,3052743,Trey Hendrickson,DE,"exact name, slot agrees",1.000
historical,Trey McBride,Trey McBride,,TE,TE,4361307,Trey McBride,TE,"exact name, slot agrees",1.000
historical,Treylon Burks,Treylon Burks,,WR,WR,4567156,Treylon Burks,WR,"exact name, slot agrees",1.000
historical,Tua Tagovailoa,Tua Tagovailoa,,QB,QB,4241479,Tua Tagovailoa,QB,"exact name, slot agrees",1.000
historical,Tucker Kraft,Tucker Kraft,,TE,TE,4572680,Tucker Kraft,TE,"exact name, slot agrees",1.000
historical,Tutu Atwell,Tutu Atwell,,WR,WR,4360797,Tutu Atwell,WR,"exact name, slot agrees",1.000
historical,Ty Chandler,Ty Chandler,,RB,RB,4242431,Ty Chandler,RB,"exact name, slot agrees",1.000
historical,Tyjae Spears,Tyjae Spears,,RB,RB,4428557,Tyjae Spears,RB,"exact name, slot agrees",1.000
historical,Tyler Allgeier,Tyler Allgeier,,RB,RB,4373626,Tyler Allgeier,RB,"exact name, slot agrees",1.000
historical,Tyler Bass,Tyler Bass,,K,K,3917232,Tyler Bass,K,"exact name, slot agrees",1.000
historical,Tyler Boyd,Tyler Boyd,,WR,WR,3045144,Tyler Boyd,WR,"exact name, slot agrees",1.000
historical,Tyler Lockett,Tyler Lockett,,WR,WR,2577327,Tyler Lockett,WR,"exact name, slot agrees",1.000
historical,Tyler Loop,Tyler Loop,,K,K,4697745,Tyler Loop,K,"exact name, slot agrees",1.000
historical,Tyler Nubin,Tyler Nubin,,S,DB,4430261,Tyler Nubin,S,"exact name, slot agrees",1.000
historical,Tyler Warren,Tyler Warren,,TE,TE,4431459,Tyler Warren,TE,"exact name, slot agrees",1.000
historical,Tyreek Hill,Tyreek Hill,,WR,WR,3116406,Tyreek Hill,WR,"exact name, slot agrees",1.000
historical,Tyrone Tracy Jr.,Tyrone Tracy Jr.,,RB,RB,4360516,Tyrone Tracy Jr.,RB,"exact name, slot agrees",1.000
historical,Uchenna Nwosu,Uchenna Nwosu,,DE,DL,3120358,Uchenna Nwosu,DE,"exact name, slot agrees",1.000
historical,Wan'Dale Robinson,Wan'Dale Robinson,,WR,WR,4569587,Wan'Dale Robinson,WR,"exact name, slot agrees",1.000
historical,Will Anderson Jr.,Will Anderson Jr.,,DE,DL,4685724,Will Anderson Jr.,DE,"exact name, slot agrees",1.000
historical,Will Levis,Will Levis,,QB,QB,4361418,Will Levis,QB,"exact name, slot agrees",1.000
historical,Xavier Legette,Xavier Legette,,WR,WR,4430034,Xavier Legette,WR,"exact name, slot agrees",1.000
historical,Xavier McKinney,Xavier McKinney,,S,DB,4241470,Xavier McKinney,S,"exact name, slot agrees",1.000
historical,Xavier Woods,Xavier Woods,,S,DB,3040572,Xavier Woods,S,"exact name, slot agrees",1.000
historical,Xavier Worthy,Xavier Worthy,,WR,WR,4683062,Xavier Worthy,WR,"exact name, slot agrees",1.000
historical,Younghoe Koo,Younghoe Koo,,K,K,3049899,Younghoe Koo,K,"exact name, slot agrees",1.000
historical,Zach Charbonnet,Zach Charbonnet,,RB,RB,4426385,Zach Charbonnet,RB,"exact name, slot agrees",1.000
historical,Zach Sieler,Zach Sieler,,DT,DL,3057956,Zach Sieler,DT,"exact name, slot agrees",1.000
historical,Zack Baun,Zack Baun,,LB,LB,3917657,Zack Baun,LB,"exact name, slot agrees",1.000
historical,Zack Moss,Zack Moss,,RB,RB,4035676,Zack Moss,RB,"exact name, slot agrees",1.000
historical,Zaire Franklin,Zaire Franklin,,LB,LB,3124005,Zaire Franklin,LB,"exact name, slot agrees",1.000
historical,Zamir White,Zamir White,,RB,RB,4361777,Zamir White,RB,"exact name, slot agrees",1.000
historical,Zaven Collins,Zaven Collins,,DE,DL,4244606,Zaven Collins,DE,"exact name, slot agrees",1.000
historical,Zay Flowers,Zay Flowers,,WR,WR,4429615,Zay Flowers,WR,"exact name, slot agrees",1.000
historical,Zay Jones,Zay Jones,,WR,WR,3059722,Zay Jones,WR,"exact name, slot agrees",1.000
